Subject,Story,Level,Context,Rating,TVal
0,cake,1,1,1.0,10.0
0,cake,1,2,7.0,10.0
1,cake,1,1,5.0,10.0
1,cake,1,2,2.0,10.0
2,cake,1,1,6.0,10.0
2,cake,1,2,2.0,10.0
3,cake,1,1,5.0,10.0
3,cake,1,2,4.0,10.0
4,cake,1,1,5.0,10.0
4,cake,1,2,4.0,10.0
5,cake,1,1,6.0,10.0
5,cake,1,2,5.0,10.0
6,cake,1,1,2.0,10.0
6,cake,1,2,1.0,10.0
7,cake,1,1,7.0,10.0
7,cake,1,2,1.0,10.0
8,cake,1,1,4.0,10.0
8,cake,1,2,5.0,10.0
9,cake,1,1,4.0,10.0
9,cake,1,2,6.0,10.0
10,cake,1,1,3.0,10.0
10,cake,1,2,5.0,10.0
11,cake,1,1,4.0,10.0
11,cake,1,2,5.0,10.0
12,cake,1,1,1.0,10.0
12,cake,1,2,1.0,10.0
13,cake,1,1,2.0,10.0
13,cake,1,2,2.0,10.0
14,cake,1,1,1.0,10.0
14,cake,1,2,3.0,10.0
15,cake,1,1,4.0,10.0
15,cake,1,2,4.0,10.0
16,cake,1,1,7.0,10.0
16,cake,1,2,3.0,10.0
17,cake,1,1,2.0,10.0
17,cake,1,2,5.0,10.0
18,cake,1,1,6.0,10.0
18,cake,1,2,5.0,10.0
19,cake,1,1,1.0,10.0
19,cake,1,2,3.0,10.0
20,cake,1,1,6.0,10.0
20,cake,1,2,4.0,10.0
21,cake,1,1,2.0,10.0
21,cake,1,2,2.0,10.0
22,cake,1,1,2.0,10.0
22,cake,1,2,4.0,10.0
23,cake,1,1,3.0,10.0
23,cake,1,2,6.0,10.0
24,cake,1,1,4.0,10.0
24,cake,1,2,1.0,10.0
25,cake,1,1,1.0,10.0
25,cake,1,2,7.0,10.0
26,cake,1,1,2.0,10.0
26,cake,1,2,2.0,10.0
27,cake,1,1,6.0,10.0
27,cake,1,2,2.0,10.0
28,cake,1,1,5.0,10.0
28,cake,1,2,4.0,10.0
29,cake,1,1,1.0,10.0
29,cake,1,2,1.0,10.0
30,cake,1,1,1.0,10.0
30,cake,1,2,6.0,10.0
31,cake,1,1,3.0,10.0
31,cake,1,2,2.0,10.0
32,cake,1,1,1.0,10.0
32,cake,1,2,5.0,10.0
33,cake,1,1,2.0,10.0
33,cake,1,2,3.0,10.0
34,cake,1,1,1.0,10.0
34,cake,1,2,6.0,10.0
35,cake,1,1,5.0,10.0
35,cake,1,2,5.0,10.0
36,cake,1,1,2.0,10.0
36,cake,1,2,7.0,10.0
37,cake,1,1,1.0,10.0
37,cake,1,2,1.0,10.0
38,cake,1,1,6.0,10.0
38,cake,1,2,6.0,10.0
39,cake,1,1,5.0,10.0
39,cake,1,2,1.0,10.0
40,cake,1,1,4.0,10.0
40,cake,1,2,6.0,10.0
41,cake,1,1,3.0,10.0
41,cake,1,2,5.0,10.0
42,cake,1,1,3.0,10.0
42,cake,1,2,3.0,10.0
43,cake,1,1,2.0,10.0
43,cake,1,2,1.0,10.0
44,cake,1,1,6.0,10.0
44,cake,1,2,1.0,10.0
45,cake,1,1,7.0,10.0
45,cake,1,2,5.0,10.0
46,cake,1,1,6.0,10.0
46,cake,1,2,6.0,10.0
47,cake,1,1,2.0,10.0
47,cake,1,2,2.0,10.0
48,cake,1,1,3.0,10.0
48,cake,1,2,1.0,10.0
49,cake,1,1,3.0,10.0
49,cake,1,2,6.0,10.0
50,cake,1,1,1.0,10.0
50,cake,1,2,2.0,10.0
51,cake,1,1,3.0,10.0
51,cake,1,2,3.0,10.0
52,cake,1,1,3.0,10.0
52,cake,1,2,1.0,10.0
53,cake,1,1,5.0,10.0
53,cake,1,2,2.0,10.0
54,cake,1,1,1.0,10.0
54,cake,1,2,4.0,10.0
55,cake,1,1,3.0,10.0
55,cake,1,2,6.0,10.0
56,cake,1,1,1.0,10.0
56,cake,1,2,4.0,10.0
57,cake,1,1,2.0,10.0
57,cake,1,2,1.0,10.0
58,cake,1,1,6.0,10.0
58,cake,1,2,4.0,10.0
59,cake,1,1,7.0,10.0
59,cake,1,2,7.0,10.0
60,cake,1,1,5.0,10.0
60,cake,1,2,2.0,10.0
61,cake,1,1,6.0,10.0
61,cake,1,2,6.0,10.0
0,cake,2,1,4.0,20.0
0,cake,2,2,6.0,20.0
1,cake,2,1,6.0,20.0
1,cake,2,2,3.0,20.0
2,cake,2,1,6.0,20.0
2,cake,2,2,3.0,20.0
3,cake,2,1,5.0,20.0
3,cake,2,2,4.0,20.0
4,cake,2,1,5.0,20.0
4,cake,2,2,4.0,20.0
5,cake,2,1,5.0,20.0
5,cake,2,2,4.0,20.0
6,cake,2,1,3.0,20.0
6,cake,2,2,2.0,20.0
7,cake,2,1,7.0,20.0
7,cake,2,2,2.0,20.0
8,cake,2,1,3.0,20.0
8,cake,2,2,5.0,20.0
9,cake,2,1,5.0,20.0
9,cake,2,2,6.0,20.0
10,cake,2,1,5.0,20.0
10,cake,2,2,5.0,20.0
11,cake,2,1,5.0,20.0
11,cake,2,2,4.0,20.0
12,cake,2,1,3.0,20.0
12,cake,2,2,1.0,20.0
13,cake,2,1,3.0,20.0
13,cake,2,2,3.0,20.0
14,cake,2,1,1.0,20.0
14,cake,2,2,2.0,20.0
15,cake,2,1,4.0,20.0
15,cake,2,2,5.0,20.0
16,cake,2,1,7.0,20.0
16,cake,2,2,4.0,20.0
17,cake,2,1,2.0,20.0
17,cake,2,2,5.0,20.0
18,cake,2,1,6.0,20.0
18,cake,2,2,6.0,20.0
19,cake,2,1,2.0,20.0
19,cake,2,2,1.0,20.0
20,cake,2,1,6.0,20.0
20,cake,2,2,5.0,20.0
21,cake,2,1,4.0,20.0
21,cake,2,2,2.0,20.0
22,cake,2,1,5.0,20.0
22,cake,2,2,6.0,20.0
23,cake,2,1,4.0,20.0
23,cake,2,2,6.0,20.0
24,cake,2,1,2.0,20.0
24,cake,2,2,3.0,20.0
25,cake,2,1,5.0,20.0
25,cake,2,2,5.0,20.0
26,cake,2,1,2.0,20.0
26,cake,2,2,2.0,20.0
27,cake,2,1,7.0,20.0
27,cake,2,2,2.0,20.0
28,cake,2,1,6.0,20.0
28,cake,2,2,5.0,20.0
29,cake,2,1,3.0,20.0
29,cake,2,2,2.0,20.0
30,cake,2,1,1.0,20.0
30,cake,2,2,6.0,20.0
31,cake,2,1,6.0,20.0
31,cake,2,2,4.0,20.0
32,cake,2,1,3.0,20.0
32,cake,2,2,5.0,20.0
33,cake,2,1,3.0,20.0
33,cake,2,2,5.0,20.0
34,cake,2,1,1.0,20.0
34,cake,2,2,7.0,20.0
35,cake,2,1,4.0,20.0
35,cake,2,2,4.0,20.0
36,cake,2,1,3.0,20.0
36,cake,2,2,7.0,20.0
37,cake,2,1,2.0,20.0
37,cake,2,2,3.0,20.0
38,cake,2,1,5.0,20.0
38,cake,2,2,5.0,20.0
39,cake,2,1,6.0,20.0
39,cake,2,2,4.0,20.0
40,cake,2,1,6.0,20.0
40,cake,2,2,6.0,20.0
41,cake,2,1,5.0,20.0
41,cake,2,2,6.0,20.0
42,cake,2,1,4.0,20.0
42,cake,2,2,4.0,20.0
43,cake,2,1,1.0,20.0
43,cake,2,2,1.0,20.0
44,cake,2,1,6.0,20.0
44,cake,2,2,1.0,20.0
45,cake,2,1,7.0,20.0
45,cake,2,2,7.0,20.0
46,cake,2,1,6.0,20.0
46,cake,2,2,6.0,20.0
47,cake,2,1,3.0,20.0
47,cake,2,2,3.0,20.0
48,cake,2,1,4.0,20.0
48,cake,2,2,2.0,20.0
49,cake,2,1,6.0,20.0
49,cake,2,2,3.0,20.0
50,cake,2,1,3.0,20.0
50,cake,2,2,4.0,20.0
51,cake,2,1,3.0,20.0
51,cake,2,2,3.0,20.0
52,cake,2,1,1.0,20.0
52,cake,2,2,1.0,20.0
53,cake,2,1,6.0,20.0
53,cake,2,2,3.0,20.0
54,cake,2,1,1.0,20.0
54,cake,2,2,3.0,20.0
55,cake,2,1,6.0,20.0
55,cake,2,2,6.0,20.0
56,cake,2,1,4.0,20.0
56,cake,2,2,3.0,20.0
57,cake,2,1,3.0,20.0
57,cake,2,2,2.0,20.0
58,cake,2,1,6.0,20.0
58,cake,2,2,4.0,20.0
59,cake,2,1,7.0,20.0
59,cake,2,2,7.0,20.0
60,cake,2,1,5.0,20.0
60,cake,2,2,2.0,20.0
61,cake,2,1,6.0,20.0
61,cake,2,2,6.0,20.0
0,cake,3,1,6.0,35.0
0,cake,3,2,3.0,35.0
1,cake,3,1,7.0,35.0
1,cake,3,2,3.0,35.0
2,cake,3,1,6.0,35.0
2,cake,3,2,4.0,35.0
3,cake,3,1,6.0,35.0
3,cake,3,2,4.0,35.0
4,cake,3,1,5.0,35.0
4,cake,3,2,4.0,35.0
5,cake,3,1,5.0,35.0
5,cake,3,2,2.0,35.0
6,cake,3,1,4.0,35.0
6,cake,3,2,3.0,35.0
7,cake,3,1,7.0,35.0
7,cake,3,2,2.0,35.0
8,cake,3,1,4.0,35.0
8,cake,3,2,5.0,35.0
9,cake,3,1,6.0,35.0
9,cake,3,2,5.0,35.0
10,cake,3,1,6.0,35.0
10,cake,3,2,4.0,35.0
11,cake,3,1,6.0,35.0
11,cake,3,2,5.0,35.0
12,cake,3,1,5.0,35.0
12,cake,3,2,1.0,35.0
13,cake,3,1,3.0,35.0
13,cake,3,2,3.0,35.0
14,cake,3,1,1.0,35.0
14,cake,3,2,1.0,35.0
15,cake,3,1,3.0,35.0
15,cake,3,2,5.0,35.0
16,cake,3,1,7.0,35.0
16,cake,3,2,4.0,35.0
17,cake,3,1,4.0,35.0
17,cake,3,2,4.0,35.0
18,cake,3,1,3.0,35.0
18,cake,3,2,2.0,35.0
19,cake,3,1,2.0,35.0
19,cake,3,2,2.0,35.0
20,cake,3,1,6.0,35.0
20,cake,3,2,5.0,35.0
21,cake,3,1,5.0,35.0
21,cake,3,2,3.0,35.0
22,cake,3,1,6.0,35.0
22,cake,3,2,7.0,35.0
23,cake,3,1,6.0,35.0
23,cake,3,2,7.0,35.0
24,cake,3,1,3.0,35.0
24,cake,3,2,4.0,35.0
25,cake,3,1,4.0,35.0
25,cake,3,2,3.0,35.0
26,cake,3,1,2.0,35.0
26,cake,3,2,2.0,35.0
27,cake,3,1,7.0,35.0
27,cake,3,2,2.0,35.0
28,cake,3,1,7.0,35.0
28,cake,3,2,6.0,35.0
29,cake,3,1,5.0,35.0
29,cake,3,2,2.0,35.0
30,cake,3,1,3.0,35.0
30,cake,3,2,6.0,35.0
31,cake,3,1,1.0,35.0
31,cake,3,2,1.0,35.0
32,cake,3,1,3.0,35.0
32,cake,3,2,3.0,35.0
33,cake,3,1,7.0,35.0
33,cake,3,2,6.0,35.0
34,cake,3,1,2.0,35.0
34,cake,3,2,7.0,35.0
35,cake,3,1,3.0,35.0
35,cake,3,2,3.0,35.0
36,cake,3,1,5.0,35.0
36,cake,3,2,7.0,35.0
37,cake,3,1,3.0,35.0
37,cake,3,2,4.0,35.0
38,cake,3,1,5.0,35.0
38,cake,3,2,5.0,35.0
39,cake,3,1,7.0,35.0
39,cake,3,2,6.0,35.0
40,cake,3,1,7.0,35.0
40,cake,3,2,7.0,35.0
41,cake,3,1,6.0,35.0
41,cake,3,2,7.0,35.0
42,cake,3,1,5.0,35.0
42,cake,3,2,5.0,35.0
43,cake,3,1,1.0,35.0
43,cake,3,2,1.0,35.0
44,cake,3,1,5.0,35.0
44,cake,3,2,3.0,35.0
45,cake,3,1,7.0,35.0
45,cake,3,2,6.0,35.0
46,cake,3,1,7.0,35.0
46,cake,3,2,6.0,35.0
47,cake,3,1,4.0,35.0
47,cake,3,2,4.0,35.0
48,cake,3,1,5.0,35.0
48,cake,3,2,2.0,35.0
49,cake,3,1,7.0,35.0
49,cake,3,2,4.0,35.0
50,cake,3,1,5.0,35.0
50,cake,3,2,4.0,35.0
51,cake,3,1,3.0,35.0
51,cake,3,2,3.0,35.0
52,cake,3,1,1.0,35.0
52,cake,3,2,1.0,35.0
53,cake,3,1,6.0,35.0
53,cake,3,2,3.0,35.0
54,cake,3,1,3.0,35.0
54,cake,3,2,1.0,35.0
55,cake,3,1,7.0,35.0
55,cake,3,2,7.0,35.0
56,cake,3,1,5.0,35.0
56,cake,3,2,3.0,35.0
57,cake,3,1,4.0,35.0
57,cake,3,2,3.0,35.0
58,cake,3,1,7.0,35.0
58,cake,3,2,4.0,35.0
59,cake,3,1,6.0,35.0
59,cake,3,2,6.0,35.0
60,cake,3,1,5.0,35.0
60,cake,3,2,2.0,35.0
61,cake,3,1,5.0,35.0
61,cake,3,2,5.0,35.0
0,cake,4,1,7.0,50.0
0,cake,4,2,7.0,50.0
1,cake,4,1,7.0,50.0
1,cake,4,2,4.0,50.0
2,cake,4,1,6.0,50.0
2,cake,4,2,5.0,50.0
3,cake,4,1,7.0,50.0
3,cake,4,2,6.0,50.0
4,cake,4,1,5.0,50.0
4,cake,4,2,4.0,50.0
5,cake,4,1,6.0,50.0
5,cake,4,2,6.0,50.0
6,cake,4,1,5.0,50.0
6,cake,4,2,5.0,50.0
7,cake,4,1,7.0,50.0
7,cake,4,2,3.0,50.0
8,cake,4,1,5.0,50.0
8,cake,4,2,4.0,50.0
9,cake,4,1,6.0,50.0
9,cake,4,2,4.0,50.0
10,cake,4,1,7.0,50.0
10,cake,4,2,4.0,50.0
11,cake,4,1,2.0,50.0
11,cake,4,2,3.0,50.0
12,cake,4,1,6.0,50.0
12,cake,4,2,5.0,50.0
13,cake,4,1,3.0,50.0
13,cake,4,2,3.0,50.0
14,cake,4,1,1.0,50.0
14,cake,4,2,1.0,50.0
15,cake,4,1,5.0,50.0
15,cake,4,2,5.0,50.0
16,cake,4,1,7.0,50.0
16,cake,4,2,4.0,50.0
17,cake,4,1,6.0,50.0
17,cake,4,2,4.0,50.0
18,cake,4,1,3.0,50.0
18,cake,4,2,3.0,50.0
19,cake,4,1,7.0,50.0
19,cake,4,2,3.0,50.0
20,cake,4,1,6.0,50.0
20,cake,4,2,6.0,50.0
21,cake,4,1,5.0,50.0
21,cake,4,2,4.0,50.0
22,cake,4,1,7.0,50.0
22,cake,4,2,7.0,50.0
23,cake,4,1,7.0,50.0
23,cake,4,2,7.0,50.0
24,cake,4,1,5.0,50.0
24,cake,4,2,4.0,50.0
25,cake,4,1,7.0,50.0
25,cake,4,2,1.0,50.0
26,cake,4,1,4.0,50.0
26,cake,4,2,4.0,50.0
27,cake,4,1,7.0,50.0
27,cake,4,2,4.0,50.0
28,cake,4,1,7.0,50.0
28,cake,4,2,7.0,50.0
29,cake,4,1,7.0,50.0
29,cake,4,2,2.0,50.0
30,cake,4,1,6.0,50.0
30,cake,4,2,5.0,50.0
31,cake,4,1,1.0,50.0
31,cake,4,2,1.0,50.0
32,cake,4,1,6.0,50.0
32,cake,4,2,5.0,50.0
33,cake,4,1,7.0,50.0
33,cake,4,2,6.0,50.0
34,cake,4,1,1.0,50.0
34,cake,4,2,6.0,50.0
35,cake,4,1,2.0,50.0
35,cake,4,2,2.0,50.0
36,cake,4,1,7.0,50.0
36,cake,4,2,7.0,50.0
37,cake,4,1,7.0,50.0
37,cake,4,2,7.0,50.0
38,cake,4,1,6.0,50.0
38,cake,4,2,6.0,50.0
39,cake,4,1,7.0,50.0
39,cake,4,2,5.0,50.0
40,cake,4,1,7.0,50.0
40,cake,4,2,7.0,50.0
41,cake,4,1,7.0,50.0
41,cake,4,2,7.0,50.0
42,cake,4,1,5.0,50.0
42,cake,4,2,5.0,50.0
43,cake,4,1,1.0,50.0
43,cake,4,2,1.0,50.0
44,cake,4,1,4.0,50.0
44,cake,4,2,3.0,50.0
45,cake,4,1,7.0,50.0
45,cake,4,2,6.0,50.0
46,cake,4,1,7.0,50.0
46,cake,4,2,6.0,50.0
47,cake,4,1,5.0,50.0
47,cake,4,2,5.0,50.0
48,cake,4,1,6.0,50.0
48,cake,4,2,2.0,50.0
49,cake,4,1,7.0,50.0
49,cake,4,2,5.0,50.0
50,cake,4,1,7.0,50.0
50,cake,4,2,6.0,50.0
51,cake,4,1,3.0,50.0
51,cake,4,2,3.0,50.0
52,cake,4,1,1.0,50.0
52,cake,4,2,1.0,50.0
53,cake,4,1,7.0,50.0
53,cake,4,2,3.0,50.0
54,cake,4,1,7.0,50.0
54,cake,4,2,1.0,50.0
55,cake,4,1,7.0,50.0
55,cake,4,2,1.0,50.0
56,cake,4,1,6.0,50.0
56,cake,4,2,4.0,50.0
57,cake,4,1,5.0,50.0
57,cake,4,2,4.0,50.0
58,cake,4,1,7.0,50.0
58,cake,4,2,4.0,50.0
59,cake,4,1,5.0,50.0
59,cake,4,2,5.0,50.0
60,cake,4,1,4.0,50.0
60,cake,4,2,2.0,50.0
61,cake,4,1,5.0,50.0
61,cake,4,2,5.0,50.0
0,cake,5,1,7.0,70.0
0,cake,5,2,7.0,70.0
1,cake,5,1,7.0,70.0
1,cake,5,2,4.0,70.0
2,cake,5,1,6.0,70.0
2,cake,5,2,6.0,70.0
3,cake,5,1,7.0,70.0
3,cake,5,2,6.0,70.0
4,cake,5,1,5.0,70.0
4,cake,5,2,4.0,70.0
5,cake,5,1,7.0,70.0
5,cake,5,2,7.0,70.0
6,cake,5,1,7.0,70.0
6,cake,5,2,5.0,70.0
7,cake,5,1,7.0,70.0
7,cake,5,2,3.0,70.0
8,cake,5,1,5.0,70.0
8,cake,5,2,4.0,70.0
9,cake,5,1,5.0,70.0
9,cake,5,2,4.0,70.0
10,cake,5,1,7.0,70.0
10,cake,5,2,5.0,70.0
11,cake,5,1,1.0,70.0
11,cake,5,2,1.0,70.0
12,cake,5,1,7.0,70.0
12,cake,5,2,7.0,70.0
13,cake,5,1,2.0,70.0
13,cake,5,2,2.0,70.0
14,cake,5,1,1.0,70.0
14,cake,5,2,1.0,70.0
15,cake,5,1,5.0,70.0
15,cake,5,2,6.0,70.0
16,cake,5,1,7.0,70.0
16,cake,5,2,4.0,70.0
17,cake,5,1,7.0,70.0
17,cake,5,2,2.0,70.0
18,cake,5,1,2.0,70.0
18,cake,5,2,2.0,70.0
19,cake,5,1,7.0,70.0
19,cake,5,2,7.0,70.0
20,cake,5,1,6.0,70.0
20,cake,5,2,6.0,70.0
21,cake,5,1,6.0,70.0
21,cake,5,2,4.0,70.0
22,cake,5,1,7.0,70.0
22,cake,5,2,7.0,70.0
23,cake,5,1,7.0,70.0
23,cake,5,2,7.0,70.0
24,cake,5,1,5.0,70.0
24,cake,5,2,5.0,70.0
25,cake,5,1,7.0,70.0
25,cake,5,2,1.0,70.0
26,cake,5,1,2.0,70.0
26,cake,5,2,2.0,70.0
27,cake,5,1,7.0,70.0
27,cake,5,2,5.0,70.0
28,cake,5,1,7.0,70.0
28,cake,5,2,7.0,70.0
29,cake,5,1,1.0,70.0
29,cake,5,2,1.0,70.0
30,cake,5,1,7.0,70.0
30,cake,5,2,5.0,70.0
31,cake,5,1,1.0,70.0
31,cake,5,2,1.0,70.0
32,cake,5,1,6.0,70.0
32,cake,5,2,6.0,70.0
33,cake,5,1,7.0,70.0
33,cake,5,2,6.0,70.0
34,cake,5,1,1.0,70.0
34,cake,5,2,7.0,70.0
35,cake,5,1,1.0,70.0
35,cake,5,2,1.0,70.0
36,cake,5,1,7.0,70.0
36,cake,5,2,7.0,70.0
37,cake,5,1,7.0,70.0
37,cake,5,2,7.0,70.0
38,cake,5,1,4.0,70.0
38,cake,5,2,2.0,70.0
39,cake,5,1,7.0,70.0
39,cake,5,2,7.0,70.0
40,cake,5,1,7.0,70.0
40,cake,5,2,7.0,70.0
41,cake,5,1,7.0,70.0
41,cake,5,2,7.0,70.0
42,cake,5,1,6.0,70.0
42,cake,5,2,6.0,70.0
43,cake,5,1,1.0,70.0
43,cake,5,2,1.0,70.0
44,cake,5,1,3.0,70.0
44,cake,5,2,5.0,70.0
45,cake,5,1,7.0,70.0
45,cake,5,2,6.0,70.0
46,cake,5,1,7.0,70.0
46,cake,5,2,6.0,70.0
47,cake,5,1,6.0,70.0
47,cake,5,2,6.0,70.0
48,cake,5,1,7.0,70.0
48,cake,5,2,2.0,70.0
49,cake,5,1,7.0,70.0
49,cake,5,2,7.0,70.0
50,cake,5,1,7.0,70.0
50,cake,5,2,6.0,70.0
51,cake,5,1,3.0,70.0
51,cake,5,2,3.0,70.0
52,cake,5,1,1.0,70.0
52,cake,5,2,1.0,70.0
53,cake,5,1,7.0,70.0
53,cake,5,2,2.0,70.0
54,cake,5,1,7.0,70.0
54,cake,5,2,2.0,70.0
55,cake,5,1,7.0,70.0
55,cake,5,2,2.0,70.0
56,cake,5,1,7.0,70.0
56,cake,5,2,3.0,70.0
57,cake,5,1,6.0,70.0
57,cake,5,2,5.0,70.0
58,cake,5,1,7.0,70.0
58,cake,5,2,4.0,70.0
59,cake,5,1,5.0,70.0
59,cake,5,2,5.0,70.0
60,cake,5,1,4.0,70.0
60,cake,5,2,2.0,70.0
61,cake,5,1,5.0,70.0
61,cake,5,2,5.0,70.0
0,movie,1,1,1.0,30.0
0,movie,1,2,4.0,30.0
1,movie,1,1,2.0,30.0
1,movie,1,2,2.0,30.0
2,movie,1,1,2.0,30.0
2,movie,1,2,2.0,30.0
3,movie,1,1,1.0,30.0
3,movie,1,2,2.0,30.0
4,movie,1,1,3.0,30.0
4,movie,1,2,3.0,30.0
5,movie,1,1,2.0,30.0
5,movie,1,2,2.0,30.0
6,movie,1,1,3.0,30.0
6,movie,1,2,3.0,30.0
7,movie,1,1,4.0,30.0
7,movie,1,2,5.0,30.0
8,movie,1,1,2.0,30.0
8,movie,1,2,3.0,30.0
9,movie,1,1,1.0,30.0
9,movie,1,2,1.0,30.0
10,movie,1,1,1.0,30.0
10,movie,1,2,1.0,30.0
11,movie,1,1,4.0,30.0
11,movie,1,2,3.0,30.0
12,movie,1,1,1.0,30.0
12,movie,1,2,7.0,30.0
13,movie,1,1,1.0,30.0
13,movie,1,2,2.0,30.0
14,movie,1,1,3.0,30.0
14,movie,1,2,3.0,30.0
15,movie,1,1,1.0,30.0
15,movie,1,2,1.0,30.0
16,movie,1,1,2.0,30.0
16,movie,1,2,2.0,30.0
17,movie,1,1,1.0,30.0
17,movie,1,2,7.0,30.0
18,movie,1,1,2.0,30.0
18,movie,1,2,1.0,30.0
19,movie,1,1,7.0,30.0
19,movie,1,2,2.0,30.0
20,movie,1,1,3.0,30.0
20,movie,1,2,3.0,30.0
21,movie,1,1,1.0,30.0
21,movie,1,2,3.0,30.0
22,movie,1,1,2.0,30.0
22,movie,1,2,2.0,30.0
23,movie,1,1,1.0,30.0
23,movie,1,2,2.0,30.0
24,movie,1,1,1.0,30.0
24,movie,1,2,1.0,30.0
25,movie,1,1,1.0,30.0
25,movie,1,2,7.0,30.0
26,movie,1,1,4.0,30.0
26,movie,1,2,4.0,30.0
27,movie,1,1,2.0,30.0
27,movie,1,2,2.0,30.0
28,movie,1,1,1.0,30.0
28,movie,1,2,2.0,30.0
29,movie,1,1,2.0,30.0
29,movie,1,2,1.0,30.0
30,movie,1,1,1.0,30.0
30,movie,1,2,2.0,30.0
31,movie,1,1,2.0,30.0
31,movie,1,2,3.0,30.0
32,movie,1,1,1.0,30.0
32,movie,1,2,1.0,30.0
33,movie,1,1,1.0,30.0
33,movie,1,2,3.0,30.0
34,movie,1,1,3.0,30.0
34,movie,1,2,4.0,30.0
35,movie,1,1,6.0,30.0
35,movie,1,2,1.0,30.0
36,movie,1,1,1.0,30.0
36,movie,1,2,1.0,30.0
37,movie,1,1,1.0,30.0
37,movie,1,2,5.0,30.0
38,movie,1,1,2.0,30.0
38,movie,1,2,2.0,30.0
39,movie,1,1,4.0,30.0
39,movie,1,2,6.0,30.0
40,movie,1,1,1.0,30.0
40,movie,1,2,1.0,30.0
41,movie,1,1,1.0,30.0
41,movie,1,2,2.0,30.0
42,movie,1,1,1.0,30.0
42,movie,1,2,1.0,30.0
43,movie,1,1,3.0,30.0
43,movie,1,2,3.0,30.0
44,movie,1,1,2.0,30.0
44,movie,1,2,3.0,30.0
45,movie,1,1,2.0,30.0
45,movie,1,2,5.0,30.0
46,movie,1,1,2.0,30.0
46,movie,1,2,2.0,30.0
47,movie,1,1,6.0,30.0
47,movie,1,2,6.0,30.0
48,movie,1,1,2.0,30.0
48,movie,1,2,2.0,30.0
49,movie,1,1,1.0,30.0
49,movie,1,2,2.0,30.0
50,movie,1,1,2.0,30.0
50,movie,1,2,3.0,30.0
51,movie,1,1,3.0,30.0
51,movie,1,2,2.0,30.0
52,movie,1,1,4.0,30.0
52,movie,1,2,6.0,30.0
53,movie,1,1,1.0,30.0
53,movie,1,2,4.0,30.0
54,movie,1,1,1.0,30.0
54,movie,1,2,1.0,30.0
55,movie,1,1,1.0,30.0
55,movie,1,2,7.0,30.0
56,movie,1,1,1.0,30.0
56,movie,1,2,2.0,30.0
57,movie,1,1,3.0,30.0
57,movie,1,2,3.0,30.0
58,movie,1,1,2.0,30.0
58,movie,1,2,4.0,30.0
59,movie,1,1,2.0,30.0
59,movie,1,2,2.0,30.0
60,movie,1,1,2.0,30.0
60,movie,1,2,4.0,30.0
61,movie,1,1,1.0,30.0
61,movie,1,2,1.0,30.0
0,movie,2,1,2.0,45.0
0,movie,2,2,4.0,45.0
1,movie,2,1,3.0,45.0
1,movie,2,2,2.0,45.0
2,movie,2,1,1.0,45.0
2,movie,2,2,1.0,45.0
3,movie,2,1,2.0,45.0
3,movie,2,2,3.0,45.0
4,movie,2,1,3.0,45.0
4,movie,2,2,3.0,45.0
5,movie,2,1,3.0,45.0
5,movie,2,2,2.0,45.0
6,movie,2,1,3.0,45.0
6,movie,2,2,4.0,45.0
7,movie,2,1,3.0,45.0
7,movie,2,2,1.0,45.0
8,movie,2,1,1.0,45.0
8,movie,2,2,3.0,45.0
9,movie,2,1,1.0,45.0
9,movie,2,2,1.0,45.0
10,movie,2,1,2.0,45.0
10,movie,2,2,1.0,45.0
11,movie,2,1,2.0,45.0
11,movie,2,2,2.0,45.0
12,movie,2,1,2.0,45.0
12,movie,2,2,6.0,45.0
13,movie,2,1,2.0,45.0
13,movie,2,2,2.0,45.0
14,movie,2,1,3.0,45.0
14,movie,2,2,3.0,45.0
15,movie,2,1,1.0,45.0
15,movie,2,2,1.0,45.0
16,movie,2,1,3.0,45.0
16,movie,2,2,3.0,45.0
17,movie,2,1,1.0,45.0
17,movie,2,2,6.0,45.0
18,movie,2,1,3.0,45.0
18,movie,2,2,1.0,45.0
19,movie,2,1,7.0,45.0
19,movie,2,2,2.0,45.0
20,movie,2,1,2.0,45.0
20,movie,2,2,2.0,45.0
21,movie,2,1,2.0,45.0
21,movie,2,2,4.0,45.0
22,movie,2,1,6.0,45.0
22,movie,2,2,6.0,45.0
23,movie,2,1,1.0,45.0
23,movie,2,2,3.0,45.0
24,movie,2,1,1.0,45.0
24,movie,2,2,1.0,45.0
25,movie,2,1,3.0,45.0
25,movie,2,2,7.0,45.0
26,movie,2,1,3.0,45.0
26,movie,2,2,4.0,45.0
27,movie,2,1,4.0,45.0
27,movie,2,2,3.0,45.0
28,movie,2,1,2.0,45.0
28,movie,2,2,2.0,45.0
29,movie,2,1,2.0,45.0
29,movie,2,2,1.0,45.0
30,movie,2,1,1.0,45.0
30,movie,2,2,2.0,45.0
31,movie,2,1,2.0,45.0
31,movie,2,2,3.0,45.0
32,movie,2,1,2.0,45.0
32,movie,2,2,2.0,45.0
33,movie,2,1,1.0,45.0
33,movie,2,2,3.0,45.0
34,movie,2,1,4.0,45.0
34,movie,2,2,4.0,45.0
35,movie,2,1,5.0,45.0
35,movie,2,2,1.0,45.0
36,movie,2,1,3.0,45.0
36,movie,2,2,3.0,45.0
37,movie,2,1,1.0,45.0
37,movie,2,2,7.0,45.0
38,movie,2,1,2.0,45.0
38,movie,2,2,2.0,45.0
39,movie,2,1,2.0,45.0
39,movie,2,2,2.0,45.0
40,movie,2,1,2.0,45.0
40,movie,2,2,2.0,45.0
41,movie,2,1,3.0,45.0
41,movie,2,2,2.0,45.0
42,movie,2,1,2.0,45.0
42,movie,2,2,2.0,45.0
43,movie,2,1,4.0,45.0
43,movie,2,2,4.0,45.0
44,movie,2,1,3.0,45.0
44,movie,2,2,3.0,45.0
45,movie,2,1,2.0,45.0
45,movie,2,2,7.0,45.0
46,movie,2,1,2.0,45.0
46,movie,2,2,2.0,45.0
47,movie,2,1,7.0,45.0
47,movie,2,2,7.0,45.0
48,movie,2,1,2.0,45.0
48,movie,2,2,2.0,45.0
49,movie,2,1,3.0,45.0
49,movie,2,2,3.0,45.0
50,movie,2,1,2.0,45.0
50,movie,2,2,2.0,45.0
51,movie,2,1,4.0,45.0
51,movie,2,2,2.0,45.0
52,movie,2,1,4.0,45.0
52,movie,2,2,5.0,45.0
53,movie,2,1,2.0,45.0
53,movie,2,2,4.0,45.0
54,movie,2,1,1.0,45.0
54,movie,2,2,1.0,45.0
55,movie,2,1,2.0,45.0
55,movie,2,2,5.0,45.0
56,movie,2,1,1.0,45.0
56,movie,2,2,3.0,45.0
57,movie,2,1,4.0,45.0
57,movie,2,2,4.0,45.0
58,movie,2,1,3.0,45.0
58,movie,2,2,5.0,45.0
59,movie,2,1,2.0,45.0
59,movie,2,2,2.0,45.0
60,movie,2,1,3.0,45.0
60,movie,2,2,4.0,45.0
61,movie,2,1,2.0,45.0
61,movie,2,2,2.0,45.0
0,movie,3,1,3.0,60.0
0,movie,3,2,4.0,60.0
1,movie,3,1,4.0,60.0
1,movie,3,2,3.0,60.0
2,movie,3,1,2.0,60.0
2,movie,3,2,2.0,60.0
3,movie,3,1,3.0,60.0
3,movie,3,2,4.0,60.0
4,movie,3,1,2.0,60.0
4,movie,3,2,2.0,60.0
5,movie,3,1,2.0,60.0
5,movie,3,2,1.0,60.0
6,movie,3,1,5.0,60.0
6,movie,3,2,5.0,60.0
7,movie,3,1,2.0,60.0
7,movie,3,2,1.0,60.0
8,movie,3,1,2.0,60.0
8,movie,3,2,2.0,60.0
9,movie,3,1,2.0,60.0
9,movie,3,2,2.0,60.0
10,movie,3,1,2.0,60.0
10,movie,3,2,1.0,60.0
11,movie,3,1,3.0,60.0
11,movie,3,2,2.0,60.0
12,movie,3,1,3.0,60.0
12,movie,3,2,5.0,60.0
13,movie,3,1,3.0,60.0
13,movie,3,2,3.0,60.0
14,movie,3,1,2.0,60.0
14,movie,3,2,2.0,60.0
15,movie,3,1,1.0,60.0
15,movie,3,2,1.0,60.0
16,movie,3,1,4.0,60.0
16,movie,3,2,4.0,60.0
17,movie,3,1,2.0,60.0
17,movie,3,2,5.0,60.0
18,movie,3,1,4.0,60.0
18,movie,3,2,1.0,60.0
19,movie,3,1,7.0,60.0
19,movie,3,2,3.0,60.0
20,movie,3,1,2.0,60.0
20,movie,3,2,2.0,60.0
21,movie,3,1,2.0,60.0
21,movie,3,2,4.0,60.0
22,movie,3,1,7.0,60.0
22,movie,3,2,7.0,60.0
23,movie,3,1,2.0,60.0
23,movie,3,2,2.0,60.0
24,movie,3,1,1.0,60.0
24,movie,3,2,1.0,60.0
25,movie,3,1,5.0,60.0
25,movie,3,2,7.0,60.0
26,movie,3,1,2.0,60.0
26,movie,3,2,2.0,60.0
27,movie,3,1,4.0,60.0
27,movie,3,2,3.0,60.0
28,movie,3,1,4.0,60.0
28,movie,3,2,2.0,60.0
29,movie,3,1,1.0,60.0
29,movie,3,2,1.0,60.0
30,movie,3,1,1.0,60.0
30,movie,3,2,3.0,60.0
31,movie,3,1,2.0,60.0
31,movie,3,2,3.0,60.0
32,movie,3,1,2.0,60.0
32,movie,3,2,2.0,60.0
33,movie,3,1,2.0,60.0
33,movie,3,2,3.0,60.0
34,movie,3,1,2.0,60.0
34,movie,3,2,2.0,60.0
35,movie,3,1,5.0,60.0
35,movie,3,2,1.0,60.0
36,movie,3,1,2.0,60.0
36,movie,3,2,2.0,60.0
37,movie,3,1,1.0,60.0
37,movie,3,2,5.0,60.0
38,movie,3,1,4.0,60.0
38,movie,3,2,3.0,60.0
39,movie,3,1,1.0,60.0
39,movie,3,2,6.0,60.0
40,movie,3,1,3.0,60.0
40,movie,3,2,3.0,60.0
41,movie,3,1,3.0,60.0
41,movie,3,2,3.0,60.0
42,movie,3,1,4.0,60.0
42,movie,3,2,4.0,60.0
43,movie,3,1,3.0,60.0
43,movie,3,2,3.0,60.0
44,movie,3,1,2.0,60.0
44,movie,3,2,2.0,60.0
45,movie,3,1,3.0,60.0
45,movie,3,2,7.0,60.0
46,movie,3,1,1.0,60.0
46,movie,3,2,1.0,60.0
47,movie,3,1,7.0,60.0
47,movie,3,2,7.0,60.0
48,movie,3,1,2.0,60.0
48,movie,3,2,2.0,60.0
49,movie,3,1,4.0,60.0
49,movie,3,2,4.0,60.0
50,movie,3,1,3.0,60.0
50,movie,3,2,4.0,60.0
51,movie,3,1,4.0,60.0
51,movie,3,2,2.0,60.0
52,movie,3,1,2.0,60.0
52,movie,3,2,4.0,60.0
53,movie,3,1,3.0,60.0
53,movie,3,2,4.0,60.0
54,movie,3,1,2.0,60.0
54,movie,3,2,2.0,60.0
55,movie,3,1,4.0,60.0
55,movie,3,2,4.0,60.0
56,movie,3,1,2.0,60.0
56,movie,3,2,5.0,60.0
57,movie,3,1,5.0,60.0
57,movie,3,2,5.0,60.0
58,movie,3,1,3.0,60.0
58,movie,3,2,6.0,60.0
59,movie,3,1,1.0,60.0
59,movie,3,2,2.0,60.0
60,movie,3,1,3.0,60.0
60,movie,3,2,4.0,60.0
61,movie,3,1,2.0,60.0
61,movie,3,2,2.0,60.0
0,movie,4,1,5.0,85.0
0,movie,4,2,5.0,85.0
1,movie,4,1,6.0,85.0
1,movie,4,2,5.0,85.0
2,movie,4,1,2.0,85.0
2,movie,4,2,2.0,85.0
3,movie,4,1,4.0,85.0
3,movie,4,2,5.0,85.0
4,movie,4,1,2.0,85.0
4,movie,4,2,2.0,85.0
5,movie,4,1,1.0,85.0
5,movie,4,2,1.0,85.0
6,movie,4,1,4.0,85.0
6,movie,4,2,5.0,85.0
7,movie,4,1,2.0,85.0
7,movie,4,2,2.0,85.0
8,movie,4,1,2.0,85.0
8,movie,4,2,2.0,85.0
9,movie,4,1,4.0,85.0
9,movie,4,2,3.0,85.0
10,movie,4,1,3.0,85.0
10,movie,4,2,2.0,85.0
11,movie,4,1,1.0,85.0
11,movie,4,2,1.0,85.0
12,movie,4,1,3.0,85.0
12,movie,4,2,5.0,85.0
13,movie,4,1,4.0,85.0
13,movie,4,2,4.0,85.0
14,movie,4,1,5.0,85.0
14,movie,4,2,5.0,85.0
15,movie,4,1,4.0,85.0
15,movie,4,2,3.0,85.0
16,movie,4,1,5.0,85.0
16,movie,4,2,5.0,85.0
17,movie,4,1,3.0,85.0
17,movie,4,2,4.0,85.0
18,movie,4,1,5.0,85.0
18,movie,4,2,1.0,85.0
19,movie,4,1,6.0,85.0
19,movie,4,2,4.0,85.0
20,movie,4,1,3.0,85.0
20,movie,4,2,3.0,85.0
21,movie,4,1,3.0,85.0
21,movie,4,2,4.0,85.0
22,movie,4,1,7.0,85.0
22,movie,4,2,7.0,85.0
23,movie,4,1,1.0,85.0
23,movie,4,2,2.0,85.0
24,movie,4,1,1.0,85.0
24,movie,4,2,1.0,85.0
25,movie,4,1,7.0,85.0
25,movie,4,2,7.0,85.0
26,movie,4,1,2.0,85.0
26,movie,4,2,4.0,85.0
27,movie,4,1,5.0,85.0
27,movie,4,2,4.0,85.0
28,movie,4,1,6.0,85.0
28,movie,4,2,2.0,85.0
29,movie,4,1,1.0,85.0
29,movie,4,2,1.0,85.0
30,movie,4,1,3.0,85.0
30,movie,4,2,5.0,85.0
31,movie,4,1,5.0,85.0
31,movie,4,2,4.0,85.0
32,movie,4,1,1.0,85.0
32,movie,4,2,1.0,85.0
33,movie,4,1,1.0,85.0
33,movie,4,2,2.0,85.0
34,movie,4,1,1.0,85.0
34,movie,4,2,1.0,85.0
35,movie,4,1,3.0,85.0
35,movie,4,2,1.0,85.0
36,movie,4,1,2.0,85.0
36,movie,4,2,2.0,85.0
37,movie,4,1,7.0,85.0
37,movie,4,2,7.0,85.0
38,movie,4,1,3.0,85.0
38,movie,4,2,3.0,85.0
39,movie,4,1,1.0,85.0
39,movie,4,2,5.0,85.0
40,movie,4,1,6.0,85.0
40,movie,4,2,6.0,85.0
41,movie,4,1,2.0,85.0
41,movie,4,2,1.0,85.0
42,movie,4,1,2.0,85.0
42,movie,4,2,2.0,85.0
43,movie,4,1,5.0,85.0
43,movie,4,2,5.0,85.0
44,movie,4,1,2.0,85.0
44,movie,4,2,2.0,85.0
45,movie,4,1,6.0,85.0
45,movie,4,2,4.0,85.0
46,movie,4,1,1.0,85.0
46,movie,4,2,1.0,85.0
47,movie,4,1,7.0,85.0
47,movie,4,2,7.0,85.0
48,movie,4,1,2.0,85.0
48,movie,4,2,2.0,85.0
49,movie,4,1,6.0,85.0
49,movie,4,2,4.0,85.0
50,movie,4,1,5.0,85.0
50,movie,4,2,5.0,85.0
51,movie,4,1,3.0,85.0
51,movie,4,2,2.0,85.0
52,movie,4,1,2.0,85.0
52,movie,4,2,4.0,85.0
53,movie,4,1,5.0,85.0
53,movie,4,2,4.0,85.0
54,movie,4,1,5.0,85.0
54,movie,4,2,5.0,85.0
55,movie,4,1,6.0,85.0
55,movie,4,2,2.0,85.0
56,movie,4,1,2.0,85.0
56,movie,4,2,6.0,85.0
57,movie,4,1,6.0,85.0
57,movie,4,2,6.0,85.0
58,movie,4,1,5.0,85.0
58,movie,4,2,7.0,85.0
59,movie,4,1,1.0,85.0
59,movie,4,2,2.0,85.0
60,movie,4,1,5.0,85.0
60,movie,4,2,4.0,85.0
61,movie,4,1,3.0,85.0
61,movie,4,2,3.0,85.0
0,movie,5,1,5.0,100.0
0,movie,5,2,5.0,100.0
1,movie,5,1,7.0,100.0
1,movie,5,2,6.0,100.0
2,movie,5,1,1.0,100.0
2,movie,5,2,1.0,100.0
3,movie,5,1,5.0,100.0
3,movie,5,2,6.0,100.0
4,movie,5,1,2.0,100.0
4,movie,5,2,2.0,100.0
5,movie,5,1,1.0,100.0
5,movie,5,2,1.0,100.0
6,movie,5,1,5.0,100.0
6,movie,5,2,7.0,100.0
7,movie,5,1,2.0,100.0
7,movie,5,2,1.0,100.0
8,movie,5,1,2.0,100.0
8,movie,5,2,2.0,100.0
9,movie,5,1,4.0,100.0
9,movie,5,2,4.0,100.0
10,movie,5,1,3.0,100.0
10,movie,5,2,2.0,100.0
11,movie,5,1,1.0,100.0
11,movie,5,2,1.0,100.0
12,movie,5,1,7.0,100.0
12,movie,5,2,1.0,100.0
13,movie,5,1,4.0,100.0
13,movie,5,2,4.0,100.0
14,movie,5,1,6.0,100.0
14,movie,5,2,6.0,100.0
15,movie,5,1,5.0,100.0
15,movie,5,2,4.0,100.0
16,movie,5,1,6.0,100.0
16,movie,5,2,6.0,100.0
17,movie,5,1,4.0,100.0
17,movie,5,2,4.0,100.0
18,movie,5,1,5.0,100.0
18,movie,5,2,1.0,100.0
19,movie,5,1,6.0,100.0
19,movie,5,2,1.0,100.0
20,movie,5,1,3.0,100.0
20,movie,5,2,3.0,100.0
21,movie,5,1,3.0,100.0
21,movie,5,2,5.0,100.0
22,movie,5,1,7.0,100.0
22,movie,5,2,7.0,100.0
23,movie,5,1,2.0,100.0
23,movie,5,2,2.0,100.0
24,movie,5,1,3.0,100.0
24,movie,5,2,3.0,100.0
25,movie,5,1,7.0,100.0
25,movie,5,2,7.0,100.0
26,movie,5,1,2.0,100.0
26,movie,5,2,2.0,100.0
27,movie,5,1,6.0,100.0
27,movie,5,2,5.0,100.0
28,movie,5,1,7.0,100.0
28,movie,5,2,2.0,100.0
29,movie,5,1,1.0,100.0
29,movie,5,2,1.0,100.0
30,movie,5,1,3.0,100.0
30,movie,5,2,6.0,100.0
31,movie,5,1,7.0,100.0
31,movie,5,2,5.0,100.0
32,movie,5,1,1.0,100.0
32,movie,5,2,1.0,100.0
33,movie,5,1,5.0,100.0
33,movie,5,2,5.0,100.0
34,movie,5,1,1.0,100.0
34,movie,5,2,1.0,100.0
35,movie,5,1,2.0,100.0
35,movie,5,2,1.0,100.0
36,movie,5,1,2.0,100.0
36,movie,5,2,2.0,100.0
37,movie,5,1,7.0,100.0
37,movie,5,2,7.0,100.0
38,movie,5,1,1.0,100.0
38,movie,5,2,1.0,100.0
39,movie,5,1,1.0,100.0
39,movie,5,2,7.0,100.0
40,movie,5,1,7.0,100.0
40,movie,5,2,7.0,100.0
41,movie,5,1,1.0,100.0
41,movie,5,2,1.0,100.0
42,movie,5,1,1.0,100.0
42,movie,5,2,2.0,100.0
43,movie,5,1,3.0,100.0
43,movie,5,2,3.0,100.0
44,movie,5,1,2.0,100.0
44,movie,5,2,2.0,100.0
45,movie,5,1,7.0,100.0
45,movie,5,2,6.0,100.0
46,movie,5,1,1.0,100.0
46,movie,5,2,1.0,100.0
47,movie,5,1,7.0,100.0
47,movie,5,2,7.0,100.0
48,movie,5,1,2.0,100.0
48,movie,5,2,2.0,100.0
49,movie,5,1,6.0,100.0
49,movie,5,2,6.0,100.0
50,movie,5,1,3.0,100.0
50,movie,5,2,3.0,100.0
51,movie,5,1,2.0,100.0
51,movie,5,2,2.0,100.0
52,movie,5,1,1.0,100.0
52,movie,5,2,3.0,100.0
53,movie,5,1,5.0,100.0
53,movie,5,2,4.0,100.0
54,movie,5,1,7.0,100.0
54,movie,5,2,7.0,100.0
55,movie,5,1,7.0,100.0
55,movie,5,2,1.0,100.0
56,movie,5,1,1.0,100.0
56,movie,5,2,6.0,100.0
57,movie,5,1,7.0,100.0
57,movie,5,2,7.0,100.0
58,movie,5,1,5.0,100.0
58,movie,5,2,7.0,100.0
59,movie,5,1,1.0,100.0
59,movie,5,2,2.0,100.0
60,movie,5,1,5.0,100.0
60,movie,5,2,4.0,100.0
61,movie,5,1,3.0,100.0
61,movie,5,2,3.0,100.0
0,podcast,1,1,3.0,15.0
0,podcast,1,2,5.0,15.0
1,podcast,1,1,4.0,15.0
1,podcast,1,2,5.0,15.0
2,podcast,1,1,5.0,15.0
2,podcast,1,2,4.0,15.0
3,podcast,1,1,4.0,15.0
3,podcast,1,2,6.0,15.0
4,podcast,1,1,1.0,15.0
4,podcast,1,2,7.0,15.0
5,podcast,1,1,1.0,15.0
5,podcast,1,2,6.0,15.0
6,podcast,1,1,1.0,15.0
6,podcast,1,2,5.0,15.0
7,podcast,1,1,4.0,15.0
7,podcast,1,2,5.0,15.0
8,podcast,1,1,3.0,15.0
8,podcast,1,2,2.0,15.0
9,podcast,1,1,5.0,15.0
9,podcast,1,2,2.0,15.0
10,podcast,1,1,2.0,15.0
10,podcast,1,2,3.0,15.0
11,podcast,1,1,2.0,15.0
11,podcast,1,2,3.0,15.0
12,podcast,1,1,7.0,15.0
12,podcast,1,2,6.0,15.0
13,podcast,1,1,3.0,15.0
13,podcast,1,2,3.0,15.0
14,podcast,1,1,4.0,15.0
14,podcast,1,2,3.0,15.0
15,podcast,1,1,4.0,15.0
15,podcast,1,2,5.0,15.0
16,podcast,1,1,2.0,15.0
16,podcast,1,2,5.0,15.0
17,podcast,1,1,2.0,15.0
17,podcast,1,2,4.0,15.0
18,podcast,1,1,3.0,15.0
18,podcast,1,2,3.0,15.0
19,podcast,1,1,2.0,15.0
19,podcast,1,2,2.0,15.0
20,podcast,1,1,4.0,15.0
20,podcast,1,2,2.0,15.0
21,podcast,1,1,3.0,15.0
21,podcast,1,2,1.0,15.0
22,podcast,1,1,1.0,15.0
22,podcast,1,2,6.0,15.0
23,podcast,1,1,5.0,15.0
23,podcast,1,2,2.0,15.0
24,podcast,1,1,4.0,15.0
24,podcast,1,2,2.0,15.0
25,podcast,1,1,1.0,15.0
25,podcast,1,2,4.0,15.0
26,podcast,1,1,5.0,15.0
26,podcast,1,2,5.0,15.0
27,podcast,1,1,4.0,15.0
27,podcast,1,2,3.0,15.0
28,podcast,1,1,1.0,15.0
28,podcast,1,2,2.0,15.0
29,podcast,1,1,1.0,15.0
29,podcast,1,2,5.0,15.0
30,podcast,1,1,3.0,15.0
30,podcast,1,2,5.0,15.0
31,podcast,1,1,1.0,15.0
31,podcast,1,2,5.0,15.0
32,podcast,1,1,2.0,15.0
32,podcast,1,2,1.0,15.0
33,podcast,1,1,1.0,15.0
33,podcast,1,2,4.0,15.0
34,podcast,1,1,5.0,15.0
34,podcast,1,2,5.0,15.0
35,podcast,1,1,7.0,15.0
35,podcast,1,2,3.0,15.0
36,podcast,1,1,2.0,15.0
36,podcast,1,2,4.0,15.0
37,podcast,1,1,2.0,15.0
37,podcast,1,2,4.0,15.0
38,podcast,1,1,5.0,15.0
38,podcast,1,2,4.0,15.0
39,podcast,1,1,2.0,15.0
39,podcast,1,2,7.0,15.0
40,podcast,1,1,4.0,15.0
40,podcast,1,2,6.0,15.0
41,podcast,1,1,2.0,15.0
41,podcast,1,2,2.0,15.0
42,podcast,1,1,2.0,15.0
42,podcast,1,2,5.0,15.0
43,podcast,1,1,2.0,15.0
43,podcast,1,2,4.0,15.0
44,podcast,1,1,4.0,15.0
44,podcast,1,2,7.0,15.0
45,podcast,1,1,4.0,15.0
45,podcast,1,2,6.0,15.0
46,podcast,1,1,5.0,15.0
46,podcast,1,2,2.0,15.0
47,podcast,1,1,5.0,15.0
47,podcast,1,2,5.0,15.0
48,podcast,1,1,2.0,15.0
48,podcast,1,2,2.0,15.0
49,podcast,1,1,1.0,15.0
49,podcast,1,2,4.0,15.0
50,podcast,1,1,2.0,15.0
50,podcast,1,2,2.0,15.0
51,podcast,1,1,4.0,15.0
51,podcast,1,2,5.0,15.0
52,podcast,1,1,1.0,15.0
52,podcast,1,2,2.0,15.0
53,podcast,1,1,2.0,15.0
53,podcast,1,2,4.0,15.0
54,podcast,1,1,1.0,15.0
54,podcast,1,2,6.0,15.0
55,podcast,1,1,6.0,15.0
55,podcast,1,2,2.0,15.0
56,podcast,1,1,2.0,15.0
56,podcast,1,2,3.0,15.0
57,podcast,1,1,1.0,15.0
57,podcast,1,2,1.0,15.0
58,podcast,1,1,6.0,15.0
58,podcast,1,2,5.0,15.0
59,podcast,1,1,6.0,15.0
59,podcast,1,2,5.0,15.0
60,podcast,1,1,2.0,15.0
60,podcast,1,2,5.0,15.0
61,podcast,1,1,2.0,15.0
61,podcast,1,2,3.0,15.0
0,podcast,2,1,5.0,30.0
0,podcast,2,2,3.0,30.0
1,podcast,2,1,5.0,30.0
1,podcast,2,2,4.0,30.0
2,podcast,2,1,5.0,30.0
2,podcast,2,2,5.0,30.0
3,podcast,2,1,5.0,30.0
3,podcast,2,2,3.0,30.0
4,podcast,2,1,1.0,30.0
4,podcast,2,2,7.0,30.0
5,podcast,2,1,3.0,30.0
5,podcast,2,2,6.0,30.0
6,podcast,2,1,3.0,30.0
6,podcast,2,2,4.0,30.0
7,podcast,2,1,3.0,30.0
7,podcast,2,2,4.0,30.0
8,podcast,2,1,6.0,30.0
8,podcast,2,2,2.0,30.0
9,podcast,2,1,6.0,30.0
9,podcast,2,2,1.0,30.0
10,podcast,2,1,2.0,30.0
10,podcast,2,2,3.0,30.0
11,podcast,2,1,1.0,30.0
11,podcast,2,2,1.0,30.0
12,podcast,2,1,1.0,30.0
12,podcast,2,2,5.0,30.0
13,podcast,2,1,3.0,30.0
13,podcast,2,2,4.0,30.0
14,podcast,2,1,5.0,30.0
14,podcast,2,2,4.0,30.0
15,podcast,2,1,3.0,30.0
15,podcast,2,2,6.0,30.0
16,podcast,2,1,3.0,30.0
16,podcast,2,2,5.0,30.0
17,podcast,2,1,5.0,30.0
17,podcast,2,2,3.0,30.0
18,podcast,2,1,5.0,30.0
18,podcast,2,2,3.0,30.0
19,podcast,2,1,3.0,30.0
19,podcast,2,2,3.0,30.0
20,podcast,2,1,4.0,30.0
20,podcast,2,2,2.0,30.0
21,podcast,2,1,4.0,30.0
21,podcast,2,2,1.0,30.0
22,podcast,2,1,4.0,30.0
22,podcast,2,2,7.0,30.0
23,podcast,2,1,4.0,30.0
23,podcast,2,2,4.0,30.0
24,podcast,2,1,5.0,30.0
24,podcast,2,2,3.0,30.0
25,podcast,2,1,5.0,30.0
25,podcast,2,2,4.0,30.0
26,podcast,2,1,6.0,30.0
26,podcast,2,2,6.0,30.0
27,podcast,2,1,5.0,30.0
27,podcast,2,2,3.0,30.0
28,podcast,2,1,3.0,30.0
28,podcast,2,2,2.0,30.0
29,podcast,2,1,4.0,30.0
29,podcast,2,2,3.0,30.0
30,podcast,2,1,4.0,30.0
30,podcast,2,2,4.0,30.0
31,podcast,2,1,2.0,30.0
31,podcast,2,2,3.0,30.0
32,podcast,2,1,2.0,30.0
32,podcast,2,2,1.0,30.0
33,podcast,2,1,4.0,30.0
33,podcast,2,2,4.0,30.0
34,podcast,2,1,6.0,30.0
34,podcast,2,2,6.0,30.0
35,podcast,2,1,7.0,30.0
35,podcast,2,2,3.0,30.0
36,podcast,2,1,2.0,30.0
36,podcast,2,2,4.0,30.0
37,podcast,2,1,2.0,30.0
37,podcast,2,2,2.0,30.0
38,podcast,2,1,5.0,30.0
38,podcast,2,2,4.0,30.0
39,podcast,2,1,2.0,30.0
39,podcast,2,2,6.0,30.0
40,podcast,2,1,7.0,30.0
40,podcast,2,2,7.0,30.0
41,podcast,2,1,3.0,30.0
41,podcast,2,2,3.0,30.0
42,podcast,2,1,4.0,30.0
42,podcast,2,2,6.0,30.0
43,podcast,2,1,3.0,30.0
43,podcast,2,2,4.0,30.0
44,podcast,2,1,5.0,30.0
44,podcast,2,2,7.0,30.0
45,podcast,2,1,5.0,30.0
45,podcast,2,2,6.0,30.0
46,podcast,2,1,6.0,30.0
46,podcast,2,2,2.0,30.0
47,podcast,2,1,6.0,30.0
47,podcast,2,2,6.0,30.0
48,podcast,2,1,2.0,30.0
48,podcast,2,2,3.0,30.0
49,podcast,2,1,4.0,30.0
49,podcast,2,2,3.0,30.0
50,podcast,2,1,5.0,30.0
50,podcast,2,2,4.0,30.0
51,podcast,2,1,5.0,30.0
51,podcast,2,2,5.0,30.0
52,podcast,2,1,2.0,30.0
52,podcast,2,2,2.0,30.0
53,podcast,2,1,5.0,30.0
53,podcast,2,2,5.0,30.0
54,podcast,2,1,4.0,30.0
54,podcast,2,2,7.0,30.0
55,podcast,2,1,4.0,30.0
55,podcast,2,2,3.0,30.0
56,podcast,2,1,5.0,30.0
56,podcast,2,2,3.0,30.0
57,podcast,2,1,2.0,30.0
57,podcast,2,2,2.0,30.0
58,podcast,2,1,6.0,30.0
58,podcast,2,2,5.0,30.0
59,podcast,2,1,4.0,30.0
59,podcast,2,2,6.0,30.0
60,podcast,2,1,3.0,30.0
60,podcast,2,2,5.0,30.0
61,podcast,2,1,2.0,30.0
61,podcast,2,2,3.0,30.0
0,podcast,3,1,6.0,55.0
0,podcast,3,2,2.0,55.0
1,podcast,3,1,6.0,55.0
1,podcast,3,2,3.0,55.0
2,podcast,3,1,4.0,55.0
2,podcast,3,2,3.0,55.0
3,podcast,3,1,1.0,55.0
3,podcast,3,2,1.0,55.0
4,podcast,3,1,1.0,55.0
4,podcast,3,2,7.0,55.0
5,podcast,3,1,4.0,55.0
5,podcast,3,2,6.0,55.0
6,podcast,3,1,6.0,55.0
6,podcast,3,2,4.0,55.0
7,podcast,3,1,2.0,55.0
7,podcast,3,2,3.0,55.0
8,podcast,3,1,5.0,55.0
8,podcast,3,2,2.0,55.0
9,podcast,3,1,2.0,55.0
9,podcast,3,2,1.0,55.0
10,podcast,3,1,2.0,55.0
10,podcast,3,2,4.0,55.0
11,podcast,3,1,1.0,55.0
11,podcast,3,2,1.0,55.0
12,podcast,3,1,1.0,55.0
12,podcast,3,2,6.0,55.0
13,podcast,3,1,4.0,55.0
13,podcast,3,2,4.0,55.0
14,podcast,3,1,6.0,55.0
14,podcast,3,2,4.0,55.0
15,podcast,3,1,4.0,55.0
15,podcast,3,2,4.0,55.0
16,podcast,3,1,5.0,55.0
16,podcast,3,2,6.0,55.0
17,podcast,3,1,6.0,55.0
17,podcast,3,2,2.0,55.0
18,podcast,3,1,5.0,55.0
18,podcast,3,2,6.0,55.0
19,podcast,3,1,7.0,55.0
19,podcast,3,2,7.0,55.0
20,podcast,3,1,5.0,55.0
20,podcast,3,2,2.0,55.0
21,podcast,3,1,6.0,55.0
21,podcast,3,2,2.0,55.0
22,podcast,3,1,6.0,55.0
22,podcast,3,2,6.0,55.0
23,podcast,3,1,6.0,55.0
23,podcast,3,2,5.0,55.0
24,podcast,3,1,6.0,55.0
24,podcast,3,2,4.0,55.0
25,podcast,3,1,7.0,55.0
25,podcast,3,2,4.0,55.0
26,podcast,3,1,7.0,55.0
26,podcast,3,2,7.0,55.0
27,podcast,3,1,6.0,55.0
27,podcast,3,2,2.0,55.0
28,podcast,3,1,5.0,55.0
28,podcast,3,2,2.0,55.0
29,podcast,3,1,4.0,55.0
29,podcast,3,2,5.0,55.0
30,podcast,3,1,2.0,55.0
30,podcast,3,2,2.0,55.0
31,podcast,3,1,5.0,55.0
31,podcast,3,2,3.0,55.0
32,podcast,3,1,4.0,55.0
32,podcast,3,2,2.0,55.0
33,podcast,3,1,4.0,55.0
33,podcast,3,2,4.0,55.0
34,podcast,3,1,7.0,55.0
34,podcast,3,2,7.0,55.0
35,podcast,3,1,7.0,55.0
35,podcast,3,2,3.0,55.0
36,podcast,3,1,6.0,55.0
36,podcast,3,2,4.0,55.0
37,podcast,3,1,3.0,55.0
37,podcast,3,2,4.0,55.0
38,podcast,3,1,5.0,55.0
38,podcast,3,2,4.0,55.0
39,podcast,3,1,6.0,55.0
39,podcast,3,2,6.0,55.0
40,podcast,3,1,7.0,55.0
40,podcast,3,2,7.0,55.0
41,podcast,3,1,4.0,55.0
41,podcast,3,2,3.0,55.0
42,podcast,3,1,6.0,55.0
42,podcast,3,2,6.0,55.0
43,podcast,3,1,4.0,55.0
43,podcast,3,2,4.0,55.0
44,podcast,3,1,6.0,55.0
44,podcast,3,2,7.0,55.0
45,podcast,3,1,7.0,55.0
45,podcast,3,2,5.0,55.0
46,podcast,3,1,6.0,55.0
46,podcast,3,2,2.0,55.0
47,podcast,3,1,7.0,55.0
47,podcast,3,2,7.0,55.0
48,podcast,3,1,3.0,55.0
48,podcast,3,2,3.0,55.0
49,podcast,3,1,5.0,55.0
49,podcast,3,2,4.0,55.0
50,podcast,3,1,7.0,55.0
50,podcast,3,2,5.0,55.0
51,podcast,3,1,5.0,55.0
51,podcast,3,2,5.0,55.0
52,podcast,3,1,6.0,55.0
52,podcast,3,2,2.0,55.0
53,podcast,3,1,7.0,55.0
53,podcast,3,2,4.0,55.0
54,podcast,3,1,3.0,55.0
54,podcast,3,2,4.0,55.0
55,podcast,3,1,6.0,55.0
55,podcast,3,2,3.0,55.0
56,podcast,3,1,6.0,55.0
56,podcast,3,2,3.0,55.0
57,podcast,3,1,3.0,55.0
57,podcast,3,2,3.0,55.0
58,podcast,3,1,7.0,55.0
58,podcast,3,2,5.0,55.0
59,podcast,3,1,4.0,55.0
59,podcast,3,2,6.0,55.0
60,podcast,3,1,6.0,55.0
60,podcast,3,2,4.0,55.0
61,podcast,3,1,2.0,55.0
61,podcast,3,2,4.0,55.0
0,podcast,4,1,7.0,75.0
0,podcast,4,2,1.0,75.0
1,podcast,4,1,7.0,75.0
1,podcast,4,2,2.0,75.0
2,podcast,4,1,2.0,75.0
2,podcast,4,2,3.0,75.0
3,podcast,4,1,1.0,75.0
3,podcast,4,2,1.0,75.0
4,podcast,4,1,1.0,75.0
4,podcast,4,2,7.0,75.0
5,podcast,4,1,7.0,75.0
5,podcast,4,2,6.0,75.0
6,podcast,4,1,7.0,75.0
6,podcast,4,2,4.0,75.0
7,podcast,4,1,1.0,75.0
7,podcast,4,2,1.0,75.0
8,podcast,4,1,4.0,75.0
8,podcast,4,2,2.0,75.0
9,podcast,4,1,1.0,75.0
9,podcast,4,2,1.0,75.0
10,podcast,4,1,1.0,75.0
10,podcast,4,2,3.0,75.0
11,podcast,4,1,1.0,75.0
11,podcast,4,2,1.0,75.0
12,podcast,4,1,1.0,75.0
12,podcast,4,2,6.0,75.0
13,podcast,4,1,5.0,75.0
13,podcast,4,2,5.0,75.0
14,podcast,4,1,7.0,75.0
14,podcast,4,2,4.0,75.0
15,podcast,4,1,7.0,75.0
15,podcast,4,2,2.0,75.0
16,podcast,4,1,6.0,75.0
16,podcast,4,2,6.0,75.0
17,podcast,4,1,7.0,75.0
17,podcast,4,2,2.0,75.0
18,podcast,4,1,6.0,75.0
18,podcast,4,2,5.0,75.0
19,podcast,4,1,7.0,75.0
19,podcast,4,2,7.0,75.0
20,podcast,4,1,5.0,75.0
20,podcast,4,2,2.0,75.0
21,podcast,4,1,7.0,75.0
21,podcast,4,2,2.0,75.0
22,podcast,4,1,7.0,75.0
22,podcast,4,2,7.0,75.0
23,podcast,4,1,5.0,75.0
23,podcast,4,2,5.0,75.0
24,podcast,4,1,7.0,75.0
24,podcast,4,2,5.0,75.0
25,podcast,4,1,7.0,75.0
25,podcast,4,2,4.0,75.0
26,podcast,4,1,7.0,75.0
26,podcast,4,2,7.0,75.0
27,podcast,4,1,6.0,75.0
27,podcast,4,2,1.0,75.0
28,podcast,4,1,7.0,75.0
28,podcast,4,2,2.0,75.0
29,podcast,4,1,6.0,75.0
29,podcast,4,2,1.0,75.0
30,podcast,4,1,1.0,75.0
30,podcast,4,2,1.0,75.0
31,podcast,4,1,5.0,75.0
31,podcast,4,2,3.0,75.0
32,podcast,4,1,5.0,75.0
32,podcast,4,2,2.0,75.0
33,podcast,4,1,4.0,75.0
33,podcast,4,2,4.0,75.0
34,podcast,4,1,7.0,75.0
34,podcast,4,2,7.0,75.0
35,podcast,4,1,7.0,75.0
35,podcast,4,2,3.0,75.0
36,podcast,4,1,6.0,75.0
36,podcast,4,2,4.0,75.0
37,podcast,4,1,3.0,75.0
37,podcast,4,2,3.0,75.0
38,podcast,4,1,3.0,75.0
38,podcast,4,2,3.0,75.0
39,podcast,4,1,6.0,75.0
39,podcast,4,2,7.0,75.0
40,podcast,4,1,7.0,75.0
40,podcast,4,2,7.0,75.0
41,podcast,4,1,4.0,75.0
41,podcast,4,2,5.0,75.0
42,podcast,4,1,7.0,75.0
42,podcast,4,2,6.0,75.0
43,podcast,4,1,6.0,75.0
43,podcast,4,2,4.0,75.0
44,podcast,4,1,7.0,75.0
44,podcast,4,2,5.0,75.0
45,podcast,4,1,7.0,75.0
45,podcast,4,2,6.0,75.0
46,podcast,4,1,6.0,75.0
46,podcast,4,2,2.0,75.0
47,podcast,4,1,7.0,75.0
47,podcast,4,2,7.0,75.0
48,podcast,4,1,4.0,75.0
48,podcast,4,2,3.0,75.0
49,podcast,4,1,7.0,75.0
49,podcast,4,2,4.0,75.0
50,podcast,4,1,7.0,75.0
50,podcast,4,2,7.0,75.0
51,podcast,4,1,5.0,75.0
51,podcast,4,2,5.0,75.0
52,podcast,4,1,6.0,75.0
52,podcast,4,2,2.0,75.0
53,podcast,4,1,7.0,75.0
53,podcast,4,2,5.0,75.0
54,podcast,4,1,6.0,75.0
54,podcast,4,2,2.0,75.0
55,podcast,4,1,7.0,75.0
55,podcast,4,2,2.0,75.0
56,podcast,4,1,7.0,75.0
56,podcast,4,2,4.0,75.0
57,podcast,4,1,4.0,75.0
57,podcast,4,2,4.0,75.0
58,podcast,4,1,7.0,75.0
58,podcast,4,2,5.0,75.0
59,podcast,4,1,3.0,75.0
59,podcast,4,2,6.0,75.0
60,podcast,4,1,6.0,75.0
60,podcast,4,2,4.0,75.0
61,podcast,4,1,2.0,75.0
61,podcast,4,2,4.0,75.0
0,podcast,5,1,7.0,105.0
0,podcast,5,2,1.0,105.0
1,podcast,5,1,7.0,105.0
1,podcast,5,2,2.0,105.0
2,podcast,5,1,2.0,105.0
2,podcast,5,2,1.0,105.0
3,podcast,5,1,1.0,105.0
3,podcast,5,2,1.0,105.0
4,podcast,5,1,1.0,105.0
4,podcast,5,2,7.0,105.0
5,podcast,5,1,7.0,105.0
5,podcast,5,2,6.0,105.0
6,podcast,5,1,7.0,105.0
6,podcast,5,2,4.0,105.0
7,podcast,5,1,2.0,105.0
7,podcast,5,2,2.0,105.0
8,podcast,5,1,3.0,105.0
8,podcast,5,2,2.0,105.0
9,podcast,5,1,1.0,105.0
9,podcast,5,2,1.0,105.0
10,podcast,5,1,1.0,105.0
10,podcast,5,2,1.0,105.0
11,podcast,5,1,1.0,105.0
11,podcast,5,2,1.0,105.0
12,podcast,5,1,1.0,105.0
12,podcast,5,2,6.0,105.0
13,podcast,5,1,5.0,105.0
13,podcast,5,2,6.0,105.0
14,podcast,5,1,7.0,105.0
14,podcast,5,2,4.0,105.0
15,podcast,5,1,7.0,105.0
15,podcast,5,2,1.0,105.0
16,podcast,5,1,7.0,105.0
16,podcast,5,2,7.0,105.0
17,podcast,5,1,7.0,105.0
17,podcast,5,2,3.0,105.0
18,podcast,5,1,5.0,105.0
18,podcast,5,2,5.0,105.0
19,podcast,5,1,7.0,105.0
19,podcast,5,2,7.0,105.0
20,podcast,5,1,5.0,105.0
20,podcast,5,2,2.0,105.0
21,podcast,5,1,7.0,105.0
21,podcast,5,2,2.0,105.0
22,podcast,5,1,7.0,105.0
22,podcast,5,2,7.0,105.0
23,podcast,5,1,6.0,105.0
23,podcast,5,2,5.0,105.0
24,podcast,5,1,7.0,105.0
24,podcast,5,2,6.0,105.0
25,podcast,5,1,3.0,105.0
25,podcast,5,2,2.0,105.0
26,podcast,5,1,7.0,105.0
26,podcast,5,2,7.0,105.0
27,podcast,5,1,7.0,105.0
27,podcast,5,2,1.0,105.0
28,podcast,5,1,7.0,105.0
28,podcast,5,2,2.0,105.0
29,podcast,5,1,6.0,105.0
29,podcast,5,2,1.0,105.0
30,podcast,5,1,1.0,105.0
30,podcast,5,2,2.0,105.0
31,podcast,5,1,5.0,105.0
31,podcast,5,2,3.0,105.0
32,podcast,5,1,5.0,105.0
32,podcast,5,2,2.0,105.0
33,podcast,5,1,4.0,105.0
33,podcast,5,2,3.0,105.0
34,podcast,5,1,7.0,105.0
34,podcast,5,2,7.0,105.0
35,podcast,5,1,7.0,105.0
35,podcast,5,2,3.0,105.0
36,podcast,5,1,6.0,105.0
36,podcast,5,2,4.0,105.0
37,podcast,5,1,7.0,105.0
37,podcast,5,2,2.0,105.0
38,podcast,5,1,3.0,105.0
38,podcast,5,2,3.0,105.0
39,podcast,5,1,7.0,105.0
39,podcast,5,2,6.0,105.0
40,podcast,5,1,7.0,105.0
40,podcast,5,2,7.0,105.0
41,podcast,5,1,5.0,105.0
41,podcast,5,2,6.0,105.0
42,podcast,5,1,7.0,105.0
42,podcast,5,2,7.0,105.0
43,podcast,5,1,7.0,105.0
43,podcast,5,2,4.0,105.0
44,podcast,5,1,7.0,105.0
44,podcast,5,2,5.0,105.0
45,podcast,5,1,3.0,105.0
45,podcast,5,2,6.0,105.0
46,podcast,5,1,6.0,105.0
46,podcast,5,2,2.0,105.0
47,podcast,5,1,7.0,105.0
47,podcast,5,2,7.0,105.0
48,podcast,5,1,5.0,105.0
48,podcast,5,2,3.0,105.0
49,podcast,5,1,7.0,105.0
49,podcast,5,2,1.0,105.0
50,podcast,5,1,7.0,105.0
50,podcast,5,2,7.0,105.0
51,podcast,5,1,5.0,105.0
51,podcast,5,2,5.0,105.0
52,podcast,5,1,7.0,105.0
52,podcast,5,2,2.0,105.0
53,podcast,5,1,7.0,105.0
53,podcast,5,2,5.0,105.0
54,podcast,5,1,7.0,105.0
54,podcast,5,2,1.0,105.0
55,podcast,5,1,7.0,105.0
55,podcast,5,2,1.0,105.0
56,podcast,5,1,7.0,105.0
56,podcast,5,2,2.0,105.0
57,podcast,5,1,5.0,105.0
57,podcast,5,2,5.0,105.0
58,podcast,5,1,7.0,105.0
58,podcast,5,2,5.0,105.0
59,podcast,5,1,2.0,105.0
59,podcast,5,2,6.0,105.0
60,podcast,5,1,7.0,105.0
60,podcast,5,2,4.0,105.0
61,podcast,5,1,2.0,105.0
61,podcast,5,2,5.0,105.0
