Subject,Story,Level,Context,Prediction,T_val
1,cake,1,Non-Social,10.0,10.0
1,cake,2,Non-Social,25.0,20.0
1,cake,3,Non-Social,40.0,35.0
1,cake,4,Non-Social,60.0,50.0
1,cake,5,Non-Social,80.0,70.0
2,cake,1,Non-Social,20.0,10.0
2,cake,2,Non-Social,20.0,20.0
2,cake,3,Non-Social,50.0,35.0
2,cake,4,Non-Social,50.0,50.0
2,cake,5,Non-Social,80.0,70.0
3,cake,1,Non-Social,40.0,10.0
3,cake,2,Non-Social,40.0,20.0
3,cake,3,Non-Social,40.0,35.0
3,cake,4,Non-Social,60.0,50.0
3,cake,5,Non-Social,90.0,70.0
4,cake,1,Non-Social,20.0,10.0
4,cake,2,Non-Social,20.0,20.0
4,cake,3,Non-Social,40.0,35.0
4,cake,4,Non-Social,50.0,50.0
4,cake,5,Non-Social,70.0,70.0
5,cake,1,Non-Social,30.0,10.0
5,cake,2,Non-Social,30.0,20.0
5,cake,3,Non-Social,35.0,35.0
5,cake,4,Non-Social,51.0,50.0
5,cake,5,Non-Social,80.0,70.0
6,cake,1,Non-Social,40.0,10.0
6,cake,2,Non-Social,40.0,20.0
6,cake,3,Non-Social,40.0,35.0
6,cake,4,Non-Social,60.0,50.0
6,cake,5,Non-Social,100.0,70.0
7,cake,1,Non-Social,10.0,10.0
7,cake,2,Non-Social,20.0,20.0
7,cake,3,Non-Social,35.0,35.0
7,cake,4,Non-Social,50.0,50.0
7,cake,5,Non-Social,120.0,70.0
8,cake,1,Non-Social,25.0,10.0
8,cake,2,Non-Social,21.0,20.0
8,cake,3,Non-Social,35.0,35.0
8,cake,4,Non-Social,50.0,50.0
8,cake,5,Non-Social,70.0,70.0
9,cake,1,Non-Social,30.0,10.0
9,cake,2,Non-Social,30.0,20.0
9,cake,3,Non-Social,40.0,35.0
9,cake,4,Non-Social,90.0,50.0
9,cake,5,Non-Social,80.0,70.0
10,cake,1,Non-Social,30.0,10.0
10,cake,2,Non-Social,30.0,20.0
10,cake,3,Non-Social,45.0,35.0
10,cake,4,Non-Social,60.0,50.0
10,cake,5,Non-Social,120.0,70.0
11,cake,1,Non-Social,20.0,10.0
11,cake,2,Non-Social,30.0,20.0
11,cake,3,Non-Social,40.0,35.0
11,cake,4,Non-Social,50.0,50.0
11,cake,5,Non-Social,70.0,70.0
12,cake,1,Non-Social,25.0,10.0
12,cake,2,Non-Social,25.0,20.0
12,cake,3,Non-Social,35.0,35.0
12,cake,4,Non-Social,50.0,50.0
12,cake,5,Non-Social,70.0,70.0
13,cake,1,Non-Social,10.0,10.0
13,cake,2,Non-Social,20.0,20.0
13,cake,3,Non-Social,40.0,35.0
13,cake,4,Non-Social,60.0,50.0
13,cake,5,Non-Social,80.0,70.0
14,cake,1,Non-Social,45.0,10.0
14,cake,2,Non-Social,35.0,20.0
14,cake,3,Non-Social,50.0,35.0
14,cake,4,Non-Social,80.0,50.0
14,cake,5,Non-Social,90.0,70.0
15,cake,1,Non-Social,30.0,10.0
15,cake,2,Non-Social,40.0,20.0
15,cake,3,Non-Social,60.0,35.0
15,cake,4,Non-Social,70.0,50.0
15,cake,5,Non-Social,100.0,70.0
16,cake,1,Non-Social,30.0,10.0
16,cake,2,Non-Social,30.0,20.0
16,cake,3,Non-Social,40.0,35.0
16,cake,4,Non-Social,60.0,50.0
16,cake,5,Non-Social,90.0,70.0
17,cake,1,Non-Social,50.0,10.0
17,cake,2,Non-Social,50.0,20.0
17,cake,3,Non-Social,50.0,35.0
17,cake,4,Non-Social,50.0,50.0
17,cake,5,Non-Social,80.0,70.0
18,cake,1,Non-Social,45.0,10.0
18,cake,2,Non-Social,40.0,20.0
18,cake,3,Non-Social,40.0,35.0
18,cake,4,Non-Social,60.0,50.0
18,cake,5,Non-Social,120.0,70.0
19,cake,1,Non-Social,45.0,10.0
19,cake,2,Non-Social,45.0,20.0
19,cake,3,Non-Social,45.0,35.0
19,cake,4,Non-Social,60.0,50.0
19,cake,5,Non-Social,75.0,70.0
20,cake,1,Non-Social,20.0,10.0
20,cake,2,Non-Social,30.0,20.0
20,cake,3,Non-Social,60.0,35.0
20,cake,4,Non-Social,60.0,50.0
20,cake,5,Non-Social,120.0,70.0
21,cake,1,Non-Social,30.0,10.0
21,cake,2,Non-Social,40.0,20.0
21,cake,3,Non-Social,55.0,35.0
21,cake,4,Non-Social,70.0,50.0
21,cake,5,Non-Social,90.0,70.0
22,cake,1,Non-Social,15.0,10.0
22,cake,2,Non-Social,25.0,20.0
22,cake,3,Non-Social,40.0,35.0
22,cake,4,Non-Social,60.0,50.0
22,cake,5,Non-Social,90.0,70.0
23,cake,1,Non-Social,60.0,10.0
23,cake,2,Non-Social,60.0,20.0
23,cake,3,Non-Social,60.0,35.0
23,cake,4,Non-Social,60.0,50.0
23,cake,5,Non-Social,90.0,70.0
24,cake,1,Non-Social,20.0,10.0
24,cake,2,Non-Social,25.0,20.0
24,cake,3,Non-Social,40.0,35.0
24,cake,4,Non-Social,55.0,50.0
24,cake,5,Non-Social,75.0,70.0
25,cake,1,Non-Social,40.0,10.0
25,cake,2,Non-Social,40.0,20.0
25,cake,3,Non-Social,40.0,35.0
25,cake,4,Non-Social,60.0,50.0
25,cake,5,Non-Social,80.0,70.0
26,cake,1,Non-Social,45.0,10.0
26,cake,2,Non-Social,45.0,20.0
26,cake,3,Non-Social,45.0,35.0
26,cake,4,Non-Social,50.0,50.0
26,cake,5,Non-Social,70.0,70.0
27,cake,1,Non-Social,25.0,10.0
27,cake,2,Non-Social,25.0,20.0
27,cake,3,Non-Social,35.0,35.0
27,cake,4,Non-Social,50.0,50.0
27,cake,5,Non-Social,70.0,70.0
28,cake,1,Non-Social,40.0,10.0
28,cake,2,Non-Social,40.0,20.0
28,cake,3,Non-Social,45.0,35.0
28,cake,4,Non-Social,60.0,50.0
28,cake,5,Non-Social,80.0,70.0
29,cake,1,Non-Social,15.0,10.0
29,cake,2,Non-Social,25.0,20.0
29,cake,3,Non-Social,40.0,35.0
29,cake,4,Non-Social,50.0,50.0
29,cake,5,Non-Social,72.0,70.0
30,cake,1,Non-Social,30.0,10.0
30,cake,2,Non-Social,30.0,20.0
30,cake,3,Non-Social,40.0,35.0
30,cake,4,Non-Social,60.0,50.0
30,cake,5,Non-Social,80.0,70.0
31,cake,1,Non-Social,40.0,10.0
31,cake,2,Non-Social,20.0,20.0
31,cake,3,Non-Social,45.0,35.0
31,cake,4,Non-Social,50.0,50.0
31,cake,5,Non-Social,75.0,70.0
32,cake,1,Non-Social,20.0,10.0
32,cake,2,Non-Social,25.0,20.0
32,cake,3,Non-Social,40.0,35.0
32,cake,4,Non-Social,60.0,50.0
32,cake,5,Non-Social,90.0,70.0
33,cake,1,Non-Social,15.0,10.0
33,cake,2,Non-Social,25.0,20.0
33,cake,3,Non-Social,35.0,35.0
33,cake,4,Non-Social,50.0,50.0
33,cake,5,Non-Social,70.0,70.0
34,cake,1,Non-Social,40.0,10.0
34,cake,2,Non-Social,40.0,20.0
34,cake,3,Non-Social,40.0,35.0
34,cake,4,Non-Social,60.0,50.0
34,cake,5,Non-Social,75.0,70.0
35,cake,1,Non-Social,20.0,10.0
35,cake,2,Non-Social,30.0,20.0
35,cake,3,Non-Social,40.0,35.0
35,cake,4,Non-Social,60.0,50.0
35,cake,5,Non-Social,80.0,70.0
36,cake,1,Non-Social,10.0,10.0
36,cake,2,Non-Social,20.0,20.0
36,cake,3,Non-Social,35.0,35.0
36,cake,4,Non-Social,50.0,50.0
36,cake,5,Non-Social,70.0,70.0
37,cake,1,Non-Social,30.0,10.0
37,cake,2,Non-Social,30.0,20.0
37,cake,3,Non-Social,45.0,35.0
37,cake,4,Non-Social,60.0,50.0
37,cake,5,Non-Social,100.0,70.0
38,cake,1,Non-Social,25.0,10.0
38,cake,2,Non-Social,25.0,20.0
38,cake,3,Non-Social,45.0,35.0
38,cake,4,Non-Social,60.0,50.0
38,cake,5,Non-Social,90.0,70.0
39,cake,1,Non-Social,10.0,10.0
39,cake,2,Non-Social,30.0,20.0
39,cake,3,Non-Social,45.0,35.0
39,cake,4,Non-Social,60.0,50.0
39,cake,5,Non-Social,80.0,70.0
40,cake,1,Non-Social,40.0,10.0
40,cake,2,Non-Social,40.0,20.0
40,cake,3,Non-Social,40.0,35.0
40,cake,4,Non-Social,60.0,50.0
40,cake,5,Non-Social,80.0,70.0
41,cake,1,Non-Social,50.0,10.0
41,cake,2,Non-Social,50.0,20.0
41,cake,3,Non-Social,50.0,35.0
41,cake,4,Non-Social,60.0,50.0
41,cake,5,Non-Social,90.0,70.0
42,cake,1,Non-Social,50.0,10.0
42,cake,2,Non-Social,50.0,20.0
42,cake,3,Non-Social,50.0,35.0
42,cake,4,Non-Social,50.0,50.0
42,cake,5,Non-Social,80.0,70.0
43,cake,1,Non-Social,30.0,10.0
43,cake,2,Non-Social,30.0,20.0
43,cake,3,Non-Social,60.0,35.0
43,cake,4,Non-Social,60.0,50.0
43,cake,5,Non-Social,90.0,70.0
44,cake,1,Non-Social,25.0,10.0
44,cake,2,Non-Social,25.0,20.0
44,cake,3,Non-Social,40.0,35.0
44,cake,4,Non-Social,60.0,50.0
44,cake,5,Non-Social,75.0,70.0
45,cake,1,Non-Social,10.0,10.0
45,cake,2,Non-Social,25.0,20.0
45,cake,3,Non-Social,40.0,35.0
45,cake,4,Non-Social,60.0,50.0
45,cake,5,Non-Social,80.0,70.0
46,cake,1,Non-Social,20.0,10.0
46,cake,2,Non-Social,30.0,20.0
46,cake,3,Non-Social,40.0,35.0
46,cake,4,Non-Social,50.0,50.0
46,cake,5,Non-Social,90.0,70.0
47,cake,1,Non-Social,15.0,10.0
47,cake,2,Non-Social,20.0,20.0
47,cake,3,Non-Social,40.0,35.0
47,cake,4,Non-Social,60.0,50.0
47,cake,5,Non-Social,80.0,70.0
48,cake,1,Non-Social,70.0,10.0
48,cake,2,Non-Social,70.0,20.0
48,cake,3,Non-Social,80.0,35.0
48,cake,4,Non-Social,100.0,50.0
48,cake,5,Non-Social,100.0,70.0
49,cake,1,Non-Social,18.0,10.0
49,cake,2,Non-Social,24.0,20.0
49,cake,3,Non-Social,38.0,35.0
49,cake,4,Non-Social,60.0,50.0
49,cake,5,Non-Social,90.0,70.0
50,cake,1,Non-Social,10.0,10.0
50,cake,2,Non-Social,21.0,20.0
50,cake,3,Non-Social,37.0,35.0
50,cake,4,Non-Social,50.0,50.0
50,cake,5,Non-Social,72.0,70.0
51,cake,1,Non-Social,60.0,10.0
51,cake,2,Non-Social,60.0,20.0
51,cake,3,Non-Social,60.0,35.0
51,cake,4,Non-Social,60.0,50.0
51,cake,5,Non-Social,75.0,70.0
52,cake,1,Non-Social,40.0,10.0
52,cake,2,Non-Social,40.0,20.0
52,cake,3,Non-Social,40.0,35.0
52,cake,4,Non-Social,60.0,50.0
52,cake,5,Non-Social,90.0,70.0
53,cake,1,Non-Social,20.0,10.0
53,cake,2,Non-Social,20.0,20.0
53,cake,3,Non-Social,40.0,35.0
53,cake,4,Non-Social,55.0,50.0
53,cake,5,Non-Social,80.0,70.0
54,cake,1,Non-Social,20.0,10.0
54,cake,2,Non-Social,25.0,20.0
54,cake,3,Non-Social,40.0,35.0
54,cake,4,Non-Social,60.0,50.0
54,cake,5,Non-Social,80.0,70.0
55,cake,1,Non-Social,10.0,10.0
55,cake,2,Non-Social,20.0,20.0
55,cake,3,Non-Social,35.0,35.0
55,cake,4,Non-Social,50.0,50.0
55,cake,5,Non-Social,70.0,70.0
56,cake,1,Non-Social,45.0,10.0
56,cake,2,Non-Social,45.0,20.0
56,cake,3,Non-Social,45.0,35.0
56,cake,4,Non-Social,60.0,50.0
56,cake,5,Non-Social,70.0,70.0
57,cake,1,Non-Social,20.0,10.0
57,cake,2,Non-Social,30.0,20.0
57,cake,3,Non-Social,35.0,35.0
57,cake,4,Non-Social,50.0,50.0
57,cake,5,Non-Social,70.0,70.0
58,cake,1,Non-Social,30.0,10.0
58,cake,2,Non-Social,35.0,20.0
58,cake,3,Non-Social,35.0,35.0
58,cake,4,Non-Social,60.0,50.0
58,cake,5,Non-Social,70.0,70.0
59,cake,1,Non-Social,30.0,10.0
59,cake,2,Non-Social,30.0,20.0
59,cake,3,Non-Social,60.0,35.0
59,cake,4,Non-Social,60.0,50.0
59,cake,5,Non-Social,90.0,70.0
60,cake,1,Non-Social,10.0,10.0
60,cake,2,Non-Social,20.0,20.0
60,cake,3,Non-Social,35.0,35.0
60,cake,4,Non-Social,50.0,50.0
60,cake,5,Non-Social,70.0,70.0
61,cake,1,Non-Social,10.0,10.0
61,cake,2,Non-Social,30.0,20.0
61,cake,3,Non-Social,45.0,35.0
61,cake,4,Non-Social,50.0,50.0
61,cake,5,Non-Social,70.0,70.0
62,cake,1,Non-Social,25.0,10.0
62,cake,2,Non-Social,25.0,20.0
62,cake,3,Non-Social,40.0,35.0
62,cake,4,Non-Social,60.0,50.0
62,cake,5,Non-Social,85.0,70.0
63,cake,1,Non-Social,23.0,10.0
63,cake,2,Non-Social,27.0,20.0
63,cake,3,Non-Social,42.0,35.0
63,cake,4,Non-Social,53.0,50.0
63,cake,5,Non-Social,90.0,70.0
64,cake,1,Non-Social,12.0,10.0
64,cake,2,Non-Social,30.0,20.0
64,cake,3,Non-Social,50.0,35.0
64,cake,4,Non-Social,60.0,50.0
64,cake,5,Non-Social,90.0,70.0
65,cake,1,Non-Social,25.0,10.0
65,cake,2,Non-Social,25.0,20.0
65,cake,3,Non-Social,40.0,35.0
65,cake,4,Non-Social,60.0,50.0
65,cake,5,Non-Social,75.0,70.0
66,cake,1,Non-Social,15.0,10.0
66,cake,2,Non-Social,20.0,20.0
66,cake,3,Non-Social,40.0,35.0
66,cake,4,Non-Social,51.0,50.0
66,cake,5,Non-Social,80.0,70.0
67,cake,1,Non-Social,45.0,10.0
67,cake,2,Non-Social,45.0,20.0
67,cake,3,Non-Social,45.0,35.0
67,cake,4,Non-Social,60.0,50.0
67,cake,5,Non-Social,90.0,70.0
68,cake,1,Non-Social,30.0,10.0
68,cake,2,Non-Social,30.0,20.0
68,cake,3,Non-Social,45.0,35.0
68,cake,4,Non-Social,60.0,50.0
68,cake,5,Non-Social,90.0,70.0
69,cake,1,Non-Social,60.0,10.0
69,cake,2,Non-Social,60.0,20.0
69,cake,3,Non-Social,60.0,35.0
69,cake,4,Non-Social,60.0,50.0
69,cake,5,Non-Social,80.0,70.0
70,cake,1,Non-Social,25.0,10.0
70,cake,2,Non-Social,30.0,20.0
70,cake,3,Non-Social,45.0,35.0
70,cake,4,Non-Social,60.0,50.0
70,cake,5,Non-Social,100.0,70.0
71,cake,1,Non-Social,30.0,10.0
71,cake,2,Non-Social,30.0,20.0
71,cake,3,Non-Social,40.0,35.0
71,cake,4,Non-Social,60.0,50.0
71,cake,5,Non-Social,90.0,70.0
72,cake,1,Non-Social,20.0,10.0
72,cake,2,Non-Social,30.0,20.0
72,cake,3,Non-Social,40.0,35.0
72,cake,4,Non-Social,60.0,50.0
72,cake,5,Non-Social,75.0,70.0
73,cake,1,Non-Social,30.0,10.0
73,cake,2,Non-Social,45.0,20.0
73,cake,3,Non-Social,45.0,35.0
73,cake,4,Non-Social,60.0,50.0
73,cake,5,Non-Social,90.0,70.0
74,cake,1,Non-Social,30.0,10.0
74,cake,2,Non-Social,30.0,20.0
74,cake,3,Non-Social,45.0,35.0
74,cake,4,Non-Social,60.0,50.0
74,cake,5,Non-Social,80.0,70.0
75,cake,1,Non-Social,10.0,10.0
75,cake,2,Non-Social,20.0,20.0
75,cake,3,Non-Social,35.0,35.0
75,cake,4,Non-Social,50.0,50.0
75,cake,5,Non-Social,70.0,70.0
76,cake,1,Non-Social,30.0,10.0
76,cake,2,Non-Social,30.0,20.0
76,cake,3,Non-Social,45.0,35.0
76,cake,4,Non-Social,60.0,50.0
76,cake,5,Non-Social,90.0,70.0
77,cake,1,Non-Social,30.0,10.0
77,cake,2,Non-Social,28.0,20.0
77,cake,3,Non-Social,40.0,35.0
77,cake,4,Non-Social,60.0,50.0
77,cake,5,Non-Social,85.0,70.0
78,cake,1,Non-Social,10.0,10.0
78,cake,2,Non-Social,20.0,20.0
78,cake,3,Non-Social,35.0,35.0
78,cake,4,Non-Social,50.0,50.0
78,cake,5,Non-Social,70.0,70.0
79,cake,1,Non-Social,120.0,10.0
79,cake,2,Non-Social,120.0,20.0
79,cake,3,Non-Social,120.0,35.0
79,cake,4,Non-Social,120.0,50.0
79,cake,5,Non-Social,120.0,70.0
80,cake,1,Non-Social,20.0,10.0
80,cake,2,Non-Social,30.0,20.0
80,cake,3,Non-Social,50.0,35.0
80,cake,4,Non-Social,60.0,50.0
80,cake,5,Non-Social,90.0,70.0
81,cake,1,Non-Social,30.0,10.0
81,cake,2,Non-Social,30.0,20.0
81,cake,3,Non-Social,50.0,35.0
81,cake,4,Non-Social,60.0,50.0
81,cake,5,Non-Social,120.0,70.0
82,cake,1,Non-Social,10.0,10.0
82,cake,2,Non-Social,25.0,20.0
82,cake,3,Non-Social,35.0,35.0
82,cake,4,Non-Social,60.0,50.0
82,cake,5,Non-Social,90.0,70.0
83,cake,1,Non-Social,30.0,10.0
83,cake,2,Non-Social,30.0,20.0
83,cake,3,Non-Social,40.0,35.0
83,cake,4,Non-Social,50.0,50.0
83,cake,5,Non-Social,75.0,70.0
84,cake,1,Non-Social,45.0,10.0
84,cake,2,Non-Social,45.0,20.0
84,cake,3,Non-Social,45.0,35.0
84,cake,4,Non-Social,60.0,50.0
84,cake,5,Non-Social,90.0,70.0
85,cake,1,Non-Social,20.0,10.0
85,cake,2,Non-Social,30.0,20.0
85,cake,3,Non-Social,45.0,35.0
85,cake,4,Non-Social,60.0,50.0
85,cake,5,Non-Social,90.0,70.0
86,cake,1,Non-Social,25.0,10.0
86,cake,2,Non-Social,45.0,20.0
86,cake,3,Non-Social,45.0,35.0
86,cake,4,Non-Social,60.0,50.0
86,cake,5,Non-Social,90.0,70.0
87,cake,1,Non-Social,30.0,10.0
87,cake,2,Non-Social,30.0,20.0
87,cake,3,Non-Social,40.0,35.0
87,cake,4,Non-Social,60.0,50.0
87,cake,5,Non-Social,90.0,70.0
88,cake,1,Non-Social,20.0,10.0
88,cake,2,Non-Social,20.0,20.0
88,cake,3,Non-Social,35.0,35.0
88,cake,4,Non-Social,50.0,50.0
88,cake,5,Non-Social,70.0,70.0
89,cake,1,Non-Social,10.0,10.0
89,cake,2,Non-Social,20.0,20.0
89,cake,3,Non-Social,35.0,35.0
89,cake,4,Non-Social,50.0,50.0
89,cake,5,Non-Social,70.0,70.0
90,cake,1,Non-Social,25.0,10.0
90,cake,2,Non-Social,30.0,20.0
90,cake,3,Non-Social,45.0,35.0
90,cake,4,Non-Social,50.0,50.0
90,cake,5,Non-Social,70.0,70.0
91,cake,1,Non-Social,15.0,10.0
91,cake,2,Non-Social,30.0,20.0
91,cake,3,Non-Social,35.0,35.0
91,cake,4,Non-Social,50.0,50.0
91,cake,5,Non-Social,90.0,70.0
92,cake,1,Non-Social,36.0,10.0
92,cake,2,Non-Social,36.0,20.0
92,cake,3,Non-Social,36.0,35.0
92,cake,4,Non-Social,50.0,50.0
92,cake,5,Non-Social,70.0,70.0
93,cake,1,Non-Social,60.0,10.0
93,cake,2,Non-Social,50.0,20.0
93,cake,3,Non-Social,55.0,35.0
93,cake,4,Non-Social,60.0,50.0
93,cake,5,Non-Social,80.0,70.0
94,cake,1,Non-Social,25.0,10.0
94,cake,2,Non-Social,30.0,20.0
94,cake,3,Non-Social,190.0,35.0
94,cake,4,Non-Social,60.0,50.0
94,cake,5,Non-Social,190.0,70.0
95,cake,1,Non-Social,60.0,10.0
95,cake,2,Non-Social,50.0,20.0
95,cake,3,Non-Social,80.0,35.0
95,cake,4,Non-Social,60.0,50.0
95,cake,5,Non-Social,120.0,70.0
96,cake,1,Non-Social,30.0,10.0
96,cake,2,Non-Social,40.0,20.0
96,cake,3,Non-Social,40.0,35.0
96,cake,4,Non-Social,60.0,50.0
96,cake,5,Non-Social,90.0,70.0
97,cake,1,Non-Social,30.0,10.0
97,cake,2,Non-Social,45.0,20.0
97,cake,3,Non-Social,60.0,35.0
97,cake,4,Non-Social,60.0,50.0
97,cake,5,Non-Social,90.0,70.0
98,cake,1,Non-Social,30.0,10.0
98,cake,2,Non-Social,30.0,20.0
98,cake,3,Non-Social,45.0,35.0
98,cake,4,Non-Social,60.0,50.0
98,cake,5,Non-Social,90.0,70.0
99,cake,1,Non-Social,40.0,10.0
99,cake,2,Non-Social,40.0,20.0
99,cake,3,Non-Social,40.0,35.0
99,cake,4,Non-Social,60.0,50.0
99,cake,5,Non-Social,130.0,70.0
100,cake,1,Non-Social,45.0,10.0
100,cake,2,Non-Social,45.0,20.0
100,cake,3,Non-Social,45.0,35.0
100,cake,4,Non-Social,60.0,50.0
100,cake,5,Non-Social,80.0,70.0
101,cake,1,Non-Social,40.0,10.0
101,cake,2,Non-Social,50.0,20.0
101,cake,3,Non-Social,65.0,35.0
101,cake,4,Non-Social,80.0,50.0
101,cake,5,Non-Social,120.0,70.0
102,cake,1,Non-Social,90.0,10.0
102,cake,2,Non-Social,90.0,20.0
102,cake,3,Non-Social,90.0,35.0
102,cake,4,Non-Social,90.0,50.0
102,cake,5,Non-Social,90.0,70.0
103,cake,1,Non-Social,50.0,10.0
103,cake,2,Non-Social,50.0,20.0
103,cake,3,Non-Social,50.0,35.0
103,cake,4,Non-Social,50.0,50.0
103,cake,5,Non-Social,90.0,70.0
104,cake,1,Non-Social,30.0,10.0
104,cake,2,Non-Social,30.0,20.0
104,cake,3,Non-Social,60.0,35.0
104,cake,4,Non-Social,60.0,50.0
104,cake,5,Non-Social,90.0,70.0
105,cake,1,Non-Social,40.0,10.0
105,cake,2,Non-Social,40.0,20.0
105,cake,3,Non-Social,40.0,35.0
105,cake,4,Non-Social,90.0,50.0
105,cake,5,Non-Social,90.0,70.0
106,cake,1,Non-Social,20.0,10.0
106,cake,2,Non-Social,35.0,20.0
106,cake,3,Non-Social,40.0,35.0
106,cake,4,Non-Social,55.0,50.0
106,cake,5,Non-Social,75.0,70.0
107,cake,1,Non-Social,30.0,10.0
107,cake,2,Non-Social,20.0,20.0
107,cake,3,Non-Social,40.0,35.0
107,cake,4,Non-Social,50.0,50.0
107,cake,5,Non-Social,90.0,70.0
108,cake,1,Non-Social,35.0,10.0
108,cake,2,Non-Social,25.0,20.0
108,cake,3,Non-Social,36.0,35.0
108,cake,4,Non-Social,55.0,50.0
108,cake,5,Non-Social,75.0,70.0
109,cake,1,Non-Social,20.0,10.0
109,cake,2,Non-Social,30.0,20.0
109,cake,3,Non-Social,45.0,35.0
109,cake,4,Non-Social,60.0,50.0
109,cake,5,Non-Social,75.0,70.0
110,cake,1,Non-Social,45.0,10.0
110,cake,2,Non-Social,45.0,20.0
110,cake,3,Non-Social,45.0,35.0
110,cake,4,Non-Social,90.0,50.0
110,cake,5,Non-Social,90.0,70.0
111,cake,1,Non-Social,30.0,10.0
111,cake,2,Non-Social,30.0,20.0
111,cake,3,Non-Social,40.0,35.0
111,cake,4,Non-Social,60.0,50.0
111,cake,5,Non-Social,70.0,70.0
112,cake,1,Non-Social,25.0,10.0
112,cake,2,Non-Social,25.0,20.0
112,cake,3,Non-Social,40.0,35.0
112,cake,4,Non-Social,60.0,50.0
112,cake,5,Non-Social,80.0,70.0
113,cake,1,Non-Social,40.0,10.0
113,cake,2,Non-Social,40.0,20.0
113,cake,3,Non-Social,40.0,35.0
113,cake,4,Non-Social,60.0,50.0
113,cake,5,Non-Social,120.0,70.0
114,cake,1,Non-Social,15.0,10.0
114,cake,2,Non-Social,30.0,20.0
114,cake,3,Non-Social,45.0,35.0
114,cake,4,Non-Social,60.0,50.0
114,cake,5,Non-Social,75.0,70.0
115,cake,1,Non-Social,25.0,10.0
115,cake,2,Non-Social,25.0,20.0
115,cake,3,Non-Social,40.0,35.0
115,cake,4,Non-Social,50.0,50.0
115,cake,5,Non-Social,70.0,70.0
116,cake,1,Non-Social,40.0,10.0
116,cake,2,Non-Social,40.0,20.0
116,cake,3,Non-Social,40.0,35.0
116,cake,4,Non-Social,50.0,50.0
116,cake,5,Non-Social,70.0,70.0
117,cake,1,Non-Social,20.0,10.0
117,cake,2,Non-Social,30.0,20.0
117,cake,3,Non-Social,40.0,35.0
117,cake,4,Non-Social,60.0,50.0
117,cake,5,Non-Social,120.0,70.0
118,cake,1,Non-Social,35.0,10.0
118,cake,2,Non-Social,35.0,20.0
118,cake,3,Non-Social,35.0,35.0
118,cake,4,Non-Social,60.0,50.0
118,cake,5,Non-Social,120.0,70.0
119,cake,1,Non-Social,10.0,10.0
119,cake,2,Non-Social,20.0,20.0
119,cake,3,Non-Social,40.0,35.0
119,cake,4,Non-Social,60.0,50.0
119,cake,5,Non-Social,120.0,70.0
120,cake,1,Non-Social,25.0,10.0
120,cake,2,Non-Social,25.0,20.0
120,cake,3,Non-Social,50.0,35.0
120,cake,4,Non-Social,55.0,50.0
120,cake,5,Non-Social,90.0,70.0
121,cake,1,Non-Social,40.0,10.0
121,cake,2,Non-Social,40.0,20.0
121,cake,3,Non-Social,40.0,35.0
121,cake,4,Non-Social,60.0,50.0
121,cake,5,Non-Social,90.0,70.0
122,cake,1,Non-Social,45.0,10.0
122,cake,2,Non-Social,25.0,20.0
122,cake,3,Non-Social,45.0,35.0
122,cake,4,Non-Social,60.0,50.0
122,cake,5,Non-Social,70.0,70.0
123,cake,1,Non-Social,20.0,10.0
123,cake,2,Non-Social,30.0,20.0
123,cake,3,Non-Social,50.0,35.0
123,cake,4,Non-Social,70.0,50.0
123,cake,5,Non-Social,90.0,70.0
124,cake,1,Non-Social,55.0,10.0
124,cake,2,Non-Social,40.0,20.0
124,cake,3,Non-Social,50.0,35.0
124,cake,4,Non-Social,66.0,50.0
124,cake,5,Non-Social,70.0,70.0
125,cake,1,Non-Social,30.0,10.0
125,cake,2,Non-Social,30.0,20.0
125,cake,3,Non-Social,45.0,35.0
125,cake,4,Non-Social,60.0,50.0
125,cake,5,Non-Social,75.0,70.0
126,cake,1,Non-Social,45.0,10.0
126,cake,2,Non-Social,35.0,20.0
126,cake,3,Non-Social,40.0,35.0
126,cake,4,Non-Social,60.0,50.0
126,cake,5,Non-Social,75.0,70.0
127,cake,1,Non-Social,20.0,10.0
127,cake,2,Non-Social,20.0,20.0
127,cake,3,Non-Social,40.0,35.0
127,cake,4,Non-Social,60.0,50.0
127,cake,5,Non-Social,90.0,70.0
128,cake,1,Non-Social,40.0,10.0
128,cake,2,Non-Social,40.0,20.0
128,cake,3,Non-Social,40.0,35.0
128,cake,4,Non-Social,60.0,50.0
128,cake,5,Non-Social,90.0,70.0
129,cake,1,Non-Social,60.0,10.0
129,cake,2,Non-Social,60.0,20.0
129,cake,3,Non-Social,120.0,35.0
129,cake,4,Non-Social,60.0,50.0
129,cake,5,Non-Social,120.0,70.0
130,cake,1,Non-Social,15.0,10.0
130,cake,2,Non-Social,30.0,20.0
130,cake,3,Non-Social,60.0,35.0
130,cake,4,Non-Social,60.0,50.0
130,cake,5,Non-Social,90.0,70.0
131,cake,1,Non-Social,20.0,10.0
131,cake,2,Non-Social,30.0,20.0
131,cake,3,Non-Social,35.0,35.0
131,cake,4,Non-Social,50.0,50.0
131,cake,5,Non-Social,90.0,70.0
132,cake,1,Non-Social,12.0,10.0
132,cake,2,Non-Social,25.0,20.0
132,cake,3,Non-Social,40.0,35.0
132,cake,4,Non-Social,60.0,50.0
132,cake,5,Non-Social,90.0,70.0
133,cake,1,Non-Social,20.0,10.0
133,cake,2,Non-Social,25.0,20.0
133,cake,3,Non-Social,40.0,35.0
133,cake,4,Non-Social,50.0,50.0
133,cake,5,Non-Social,70.0,70.0
134,cake,1,Non-Social,40.0,10.0
134,cake,2,Non-Social,40.0,20.0
134,cake,3,Non-Social,50.0,35.0
134,cake,4,Non-Social,60.0,50.0
134,cake,5,Non-Social,90.0,70.0
135,cake,1,Non-Social,90.0,10.0
135,cake,2,Non-Social,90.0,20.0
135,cake,3,Non-Social,90.0,35.0
135,cake,4,Non-Social,90.0,50.0
135,cake,5,Non-Social,90.0,70.0
136,cake,1,Non-Social,30.0,10.0
136,cake,2,Non-Social,30.0,20.0
136,cake,3,Non-Social,60.0,35.0
136,cake,4,Non-Social,60.0,50.0
136,cake,5,Non-Social,90.0,70.0
137,cake,1,Non-Social,50.0,10.0
137,cake,2,Non-Social,30.0,20.0
137,cake,3,Non-Social,37.0,35.0
137,cake,4,Non-Social,60.0,50.0
137,cake,5,Non-Social,75.0,70.0
138,cake,1,Non-Social,30.0,10.0
138,cake,2,Non-Social,30.0,20.0
138,cake,3,Non-Social,40.0,35.0
138,cake,4,Non-Social,60.0,50.0
138,cake,5,Non-Social,80.0,70.0
139,cake,1,Non-Social,45.0,10.0
139,cake,2,Non-Social,45.0,20.0
139,cake,3,Non-Social,45.0,35.0
139,cake,4,Non-Social,60.0,50.0
139,cake,5,Non-Social,90.0,70.0
140,cake,1,Non-Social,40.0,10.0
140,cake,2,Non-Social,40.0,20.0
140,cake,3,Non-Social,60.0,35.0
140,cake,4,Non-Social,60.0,50.0
140,cake,5,Non-Social,150.0,70.0
141,cake,1,Non-Social,20.0,10.0
141,cake,2,Non-Social,40.0,20.0
141,cake,3,Non-Social,40.0,35.0
141,cake,4,Non-Social,60.0,50.0
141,cake,5,Non-Social,75.0,70.0
142,cake,1,Non-Social,15.0,10.0
142,cake,2,Non-Social,30.0,20.0
142,cake,3,Non-Social,40.0,35.0
142,cake,4,Non-Social,60.0,50.0
142,cake,5,Non-Social,100.0,70.0
143,cake,1,Non-Social,45.0,10.0
143,cake,2,Non-Social,45.0,20.0
143,cake,3,Non-Social,45.0,35.0
143,cake,4,Non-Social,60.0,50.0
143,cake,5,Non-Social,80.0,70.0
144,cake,1,Non-Social,30.0,10.0
144,cake,2,Non-Social,30.0,20.0
144,cake,3,Non-Social,35.0,35.0
144,cake,4,Non-Social,55.0,50.0
144,cake,5,Non-Social,70.0,70.0
145,cake,1,Non-Social,45.0,10.0
145,cake,2,Non-Social,30.0,20.0
145,cake,3,Non-Social,35.0,35.0
145,cake,4,Non-Social,60.0,50.0
145,cake,5,Non-Social,90.0,70.0
146,cake,1,Non-Social,20.0,10.0
146,cake,2,Non-Social,25.0,20.0
146,cake,3,Non-Social,40.0,35.0
146,cake,4,Non-Social,60.0,50.0
146,cake,5,Non-Social,75.0,70.0
147,cake,1,Non-Social,20.0,10.0
147,cake,2,Non-Social,25.0,20.0
147,cake,3,Non-Social,40.0,35.0
147,cake,4,Non-Social,60.0,50.0
147,cake,5,Non-Social,120.0,70.0
148,cake,1,Non-Social,20.0,10.0
148,cake,2,Non-Social,30.0,20.0
148,cake,3,Non-Social,45.0,35.0
148,cake,4,Non-Social,60.0,50.0
148,cake,5,Non-Social,90.0,70.0
149,cake,1,Non-Social,45.0,10.0
149,cake,2,Non-Social,30.0,20.0
149,cake,3,Non-Social,45.0,35.0
149,cake,4,Non-Social,55.0,50.0
149,cake,5,Non-Social,85.0,70.0
1,movie,1,Non-Social,35.0,30.0
1,movie,2,Non-Social,50.0,45.0
1,movie,3,Non-Social,68.0,60.0
1,movie,4,Non-Social,90.0,85.0
1,movie,5,Non-Social,101.0,100.0
2,movie,1,Non-Social,94.0,30.0
2,movie,2,Non-Social,94.0,45.0
2,movie,3,Non-Social,94.0,60.0
2,movie,4,Non-Social,94.0,85.0
2,movie,5,Non-Social,124.0,100.0
3,movie,1,Non-Social,138.0,30.0
3,movie,2,Non-Social,138.0,45.0
3,movie,3,Non-Social,138.0,60.0
3,movie,4,Non-Social,138.0,85.0
3,movie,5,Non-Social,138.0,100.0
4,movie,1,Non-Social,90.0,30.0
4,movie,2,Non-Social,90.0,45.0
4,movie,3,Non-Social,100.0,60.0
4,movie,4,Non-Social,90.0,85.0
4,movie,5,Non-Social,110.0,100.0
5,movie,1,Non-Social,90.0,30.0
5,movie,2,Non-Social,90.0,45.0
5,movie,3,Non-Social,90.0,60.0
5,movie,4,Non-Social,90.0,85.0
5,movie,5,Non-Social,120.0,100.0
6,movie,1,Non-Social,120.0,30.0
6,movie,2,Non-Social,120.0,45.0
6,movie,3,Non-Social,120.0,60.0
6,movie,4,Non-Social,120.0,85.0
6,movie,5,Non-Social,120.0,100.0
7,movie,1,Non-Social,45.0,30.0
7,movie,2,Non-Social,55.0,45.0
7,movie,3,Non-Social,65.0,60.0
7,movie,4,Non-Social,120.0,85.0
7,movie,5,Non-Social,140.0,100.0
8,movie,1,Non-Social,125.0,30.0
8,movie,2,Non-Social,130.0,45.0
8,movie,3,Non-Social,93.0,60.0
8,movie,4,Non-Social,180.0,85.0
8,movie,5,Non-Social,155.0,100.0
9,movie,1,Non-Social,40.0,30.0
9,movie,2,Non-Social,50.0,45.0
9,movie,3,Non-Social,65.0,60.0
9,movie,4,Non-Social,90.0,85.0
9,movie,5,Non-Social,100.0,100.0
10,movie,1,Non-Social,64.0,30.0
10,movie,2,Non-Social,70.0,45.0
10,movie,3,Non-Social,90.0,60.0
10,movie,4,Non-Social,95.0,85.0
10,movie,5,Non-Social,115.0,100.0
11,movie,1,Non-Social,90.0,30.0
11,movie,2,Non-Social,90.0,45.0
11,movie,3,Non-Social,90.0,60.0
11,movie,4,Non-Social,90.0,85.0
11,movie,5,Non-Social,120.0,100.0
12,movie,1,Non-Social,110.0,30.0
12,movie,2,Non-Social,110.0,45.0
12,movie,3,Non-Social,110.0,60.0
12,movie,4,Non-Social,110.0,85.0
12,movie,5,Non-Social,110.0,100.0
13,movie,1,Non-Social,120.0,30.0
13,movie,2,Non-Social,120.0,45.0
13,movie,3,Non-Social,120.0,60.0
13,movie,4,Non-Social,120.0,85.0
13,movie,5,Non-Social,120.0,100.0
14,movie,1,Non-Social,90.0,30.0
14,movie,2,Non-Social,100.0,45.0
14,movie,3,Non-Social,120.0,60.0
14,movie,4,Non-Social,120.0,85.0
14,movie,5,Non-Social,150.0,100.0
15,movie,1,Non-Social,120.0,30.0
15,movie,2,Non-Social,120.0,45.0
15,movie,3,Non-Social,120.0,60.0
15,movie,4,Non-Social,120.0,85.0
15,movie,5,Non-Social,120.0,100.0
16,movie,1,Non-Social,90.0,30.0
16,movie,2,Non-Social,90.0,45.0
16,movie,3,Non-Social,90.0,60.0
16,movie,4,Non-Social,90.0,85.0
16,movie,5,Non-Social,120.0,100.0
17,movie,1,Non-Social,90.0,30.0
17,movie,2,Non-Social,90.0,45.0
17,movie,3,Non-Social,90.0,60.0
17,movie,4,Non-Social,90.0,85.0
17,movie,5,Non-Social,120.0,100.0
18,movie,1,Non-Social,90.0,30.0
18,movie,2,Non-Social,90.0,45.0
18,movie,3,Non-Social,90.0,60.0
18,movie,4,Non-Social,90.0,85.0
18,movie,5,Non-Social,110.0,100.0
19,movie,1,Non-Social,120.0,30.0
19,movie,2,Non-Social,120.0,45.0
19,movie,3,Non-Social,120.0,60.0
19,movie,4,Non-Social,120.0,85.0
19,movie,5,Non-Social,120.0,100.0
20,movie,1,Non-Social,120.0,30.0
20,movie,2,Non-Social,120.0,45.0
20,movie,3,Non-Social,120.0,60.0
20,movie,4,Non-Social,180.0,85.0
20,movie,5,Non-Social,180.0,100.0
21,movie,1,Non-Social,110.0,30.0
21,movie,2,Non-Social,115.0,45.0
21,movie,3,Non-Social,120.0,60.0
21,movie,4,Non-Social,130.0,85.0
21,movie,5,Non-Social,120.0,100.0
22,movie,1,Non-Social,30.0,30.0
22,movie,2,Non-Social,45.0,45.0
22,movie,3,Non-Social,60.0,60.0
22,movie,4,Non-Social,100.0,85.0
22,movie,5,Non-Social,130.0,100.0
23,movie,1,Non-Social,120.0,30.0
23,movie,2,Non-Social,120.0,45.0
23,movie,3,Non-Social,120.0,60.0
23,movie,4,Non-Social,120.0,85.0
23,movie,5,Non-Social,120.0,100.0
24,movie,1,Non-Social,60.0,30.0
24,movie,2,Non-Social,70.0,45.0
24,movie,3,Non-Social,70.0,60.0
24,movie,4,Non-Social,100.0,85.0
24,movie,5,Non-Social,140.0,100.0
25,movie,1,Non-Social,120.0,30.0
25,movie,2,Non-Social,120.0,45.0
25,movie,3,Non-Social,120.0,60.0
25,movie,4,Non-Social,120.0,85.0
25,movie,5,Non-Social,120.0,100.0
26,movie,1,Non-Social,120.0,30.0
26,movie,2,Non-Social,120.0,45.0
26,movie,3,Non-Social,120.0,60.0
26,movie,4,Non-Social,120.0,85.0
26,movie,5,Non-Social,120.0,100.0
27,movie,1,Non-Social,90.0,30.0
27,movie,2,Non-Social,90.0,45.0
27,movie,3,Non-Social,90.0,60.0
27,movie,4,Non-Social,90.0,85.0
27,movie,5,Non-Social,110.0,100.0
28,movie,1,Non-Social,85.0,30.0
28,movie,2,Non-Social,90.0,45.0
28,movie,3,Non-Social,90.0,60.0
28,movie,4,Non-Social,110.0,85.0
28,movie,5,Non-Social,120.0,100.0
29,movie,1,Non-Social,33.0,30.0
29,movie,2,Non-Social,45.0,45.0
29,movie,3,Non-Social,60.0,60.0
29,movie,4,Non-Social,90.0,85.0
29,movie,5,Non-Social,121.0,100.0
30,movie,1,Non-Social,180.0,30.0
30,movie,2,Non-Social,180.0,45.0
30,movie,3,Non-Social,180.0,60.0
30,movie,4,Non-Social,180.0,85.0
30,movie,5,Non-Social,180.0,100.0
31,movie,1,Non-Social,130.0,30.0
31,movie,2,Non-Social,130.0,45.0
31,movie,3,Non-Social,130.0,60.0
31,movie,4,Non-Social,130.0,85.0
31,movie,5,Non-Social,130.0,100.0
32,movie,1,Non-Social,100.0,30.0
32,movie,2,Non-Social,100.0,45.0
32,movie,3,Non-Social,120.0,60.0
32,movie,4,Non-Social,120.0,85.0
32,movie,5,Non-Social,140.0,100.0
33,movie,1,Non-Social,90.0,30.0
33,movie,2,Non-Social,90.0,45.0
33,movie,3,Non-Social,90.0,60.0
33,movie,4,Non-Social,90.0,85.0
33,movie,5,Non-Social,110.0,100.0
34,movie,1,Non-Social,120.0,30.0
34,movie,2,Non-Social,120.0,45.0
34,movie,3,Non-Social,120.0,60.0
34,movie,4,Non-Social,120.0,85.0
34,movie,5,Non-Social,120.0,100.0
35,movie,1,Non-Social,120.0,30.0
35,movie,2,Non-Social,120.0,45.0
35,movie,3,Non-Social,120.0,60.0
35,movie,4,Non-Social,120.0,85.0
35,movie,5,Non-Social,120.0,100.0
36,movie,1,Non-Social,120.0,30.0
36,movie,2,Non-Social,120.0,45.0
36,movie,3,Non-Social,120.0,60.0
36,movie,4,Non-Social,120.0,85.0
36,movie,5,Non-Social,120.0,100.0
37,movie,1,Non-Social,90.0,30.0
37,movie,2,Non-Social,90.0,45.0
37,movie,3,Non-Social,90.0,60.0
37,movie,4,Non-Social,90.0,85.0
37,movie,5,Non-Social,120.0,100.0
38,movie,1,Non-Social,90.0,30.0
38,movie,2,Non-Social,90.0,45.0
38,movie,3,Non-Social,90.0,60.0
38,movie,4,Non-Social,90.0,85.0
38,movie,5,Non-Social,120.0,100.0
39,movie,1,Non-Social,35.0,30.0
39,movie,2,Non-Social,52.0,45.0
39,movie,3,Non-Social,68.0,60.0
39,movie,4,Non-Social,95.0,85.0
39,movie,5,Non-Social,110.0,100.0
40,movie,1,Non-Social,120.0,30.0
40,movie,2,Non-Social,120.0,45.0
40,movie,3,Non-Social,120.0,60.0
40,movie,4,Non-Social,120.0,85.0
40,movie,5,Non-Social,120.0,100.0
41,movie,1,Non-Social,120.0,30.0
41,movie,2,Non-Social,120.0,45.0
41,movie,3,Non-Social,120.0,60.0
41,movie,4,Non-Social,120.0,85.0
41,movie,5,Non-Social,120.0,100.0
42,movie,1,Non-Social,90.0,30.0
42,movie,2,Non-Social,90.0,45.0
42,movie,3,Non-Social,90.0,60.0
42,movie,4,Non-Social,90.0,85.0
42,movie,5,Non-Social,110.0,100.0
43,movie,1,Non-Social,120.0,30.0
43,movie,2,Non-Social,120.0,45.0
43,movie,3,Non-Social,120.0,60.0
43,movie,4,Non-Social,130.0,85.0
43,movie,5,Non-Social,130.0,100.0
44,movie,1,Non-Social,90.0,30.0
44,movie,2,Non-Social,90.0,45.0
44,movie,3,Non-Social,90.0,60.0
44,movie,4,Non-Social,90.0,85.0
44,movie,5,Non-Social,130.0,100.0
45,movie,1,Non-Social,32.0,30.0
45,movie,2,Non-Social,50.0,45.0
45,movie,3,Non-Social,65.0,60.0
45,movie,4,Non-Social,90.0,85.0
45,movie,5,Non-Social,120.0,100.0
46,movie,1,Non-Social,120.0,30.0
46,movie,2,Non-Social,120.0,45.0
46,movie,3,Non-Social,120.0,60.0
46,movie,4,Non-Social,120.0,85.0
46,movie,5,Non-Social,120.0,100.0
47,movie,1,Non-Social,30.0,30.0
47,movie,2,Non-Social,50.0,45.0
47,movie,3,Non-Social,60.0,60.0
47,movie,4,Non-Social,85.0,85.0
47,movie,5,Non-Social,120.0,100.0
48,movie,1,Non-Social,90.0,30.0
48,movie,2,Non-Social,100.0,45.0
48,movie,3,Non-Social,120.0,60.0
48,movie,4,Non-Social,140.0,85.0
48,movie,5,Non-Social,150.0,100.0
49,movie,1,Non-Social,120.0,30.0
49,movie,2,Non-Social,120.0,45.0
49,movie,3,Non-Social,120.0,60.0
49,movie,4,Non-Social,120.0,85.0
49,movie,5,Non-Social,120.0,100.0
50,movie,1,Non-Social,62.0,30.0
50,movie,2,Non-Social,78.0,45.0
50,movie,3,Non-Social,93.0,60.0
50,movie,4,Non-Social,111.0,85.0
50,movie,5,Non-Social,135.0,100.0
51,movie,1,Non-Social,100.0,30.0
51,movie,2,Non-Social,100.0,45.0
51,movie,3,Non-Social,100.0,60.0
51,movie,4,Non-Social,100.0,85.0
51,movie,5,Non-Social,120.0,100.0
52,movie,1,Non-Social,95.0,30.0
52,movie,2,Non-Social,95.0,45.0
52,movie,3,Non-Social,95.0,60.0
52,movie,4,Non-Social,95.0,85.0
52,movie,5,Non-Social,120.0,100.0
53,movie,1,Non-Social,90.0,30.0
53,movie,2,Non-Social,120.0,45.0
53,movie,3,Non-Social,95.0,60.0
53,movie,4,Non-Social,120.0,85.0
53,movie,5,Non-Social,120.0,100.0
54,movie,1,Non-Social,90.0,30.0
54,movie,2,Non-Social,90.0,45.0
54,movie,3,Non-Social,80.0,60.0
54,movie,4,Non-Social,90.0,85.0
54,movie,5,Non-Social,120.0,100.0
55,movie,1,Non-Social,30.0,30.0
55,movie,2,Non-Social,45.0,45.0
55,movie,3,Non-Social,60.0,60.0
55,movie,4,Non-Social,85.0,85.0
55,movie,5,Non-Social,100.0,100.0
56,movie,1,Non-Social,90.0,30.0
56,movie,2,Non-Social,90.0,45.0
56,movie,3,Non-Social,90.0,60.0
56,movie,4,Non-Social,100.0,85.0
56,movie,5,Non-Social,120.0,100.0
57,movie,1,Non-Social,120.0,30.0
57,movie,2,Non-Social,120.0,45.0
57,movie,3,Non-Social,120.0,60.0
57,movie,4,Non-Social,120.0,85.0
57,movie,5,Non-Social,120.0,100.0
58,movie,1,Non-Social,90.0,30.0
58,movie,2,Non-Social,90.0,45.0
58,movie,3,Non-Social,90.0,60.0
58,movie,4,Non-Social,90.0,85.0
58,movie,5,Non-Social,120.0,100.0
59,movie,1,Non-Social,120.0,30.0
59,movie,2,Non-Social,120.0,45.0
59,movie,3,Non-Social,120.0,60.0
59,movie,4,Non-Social,120.0,85.0
59,movie,5,Non-Social,120.0,100.0
60,movie,1,Non-Social,30.0,30.0
60,movie,2,Non-Social,45.0,45.0
60,movie,3,Non-Social,60.0,60.0
60,movie,4,Non-Social,85.0,85.0
60,movie,5,Non-Social,100.0,100.0
61,movie,1,Non-Social,120.0,30.0
61,movie,2,Non-Social,90.0,45.0
61,movie,3,Non-Social,120.0,60.0
61,movie,4,Non-Social,90.0,85.0
61,movie,5,Non-Social,120.0,100.0
62,movie,1,Non-Social,85.0,30.0
62,movie,2,Non-Social,86.0,45.0
62,movie,3,Non-Social,85.0,60.0
62,movie,4,Non-Social,120.0,85.0
62,movie,5,Non-Social,120.0,100.0
63,movie,1,Non-Social,109.0,30.0
63,movie,2,Non-Social,90.0,45.0
63,movie,3,Non-Social,80.0,60.0
63,movie,4,Non-Social,135.0,85.0
63,movie,5,Non-Social,160.0,100.0
64,movie,1,Non-Social,90.0,30.0
64,movie,2,Non-Social,120.0,45.0
64,movie,3,Non-Social,150.0,60.0
64,movie,4,Non-Social,150.0,85.0
64,movie,5,Non-Social,180.0,100.0
65,movie,1,Non-Social,120.0,30.0
65,movie,2,Non-Social,120.0,45.0
65,movie,3,Non-Social,120.0,60.0
65,movie,4,Non-Social,120.0,85.0
65,movie,5,Non-Social,120.0,100.0
66,movie,1,Non-Social,200.0,30.0
66,movie,2,Non-Social,200.0,45.0
66,movie,3,Non-Social,200.0,60.0
66,movie,4,Non-Social,200.0,85.0
66,movie,5,Non-Social,200.0,100.0
67,movie,1,Non-Social,120.0,30.0
67,movie,2,Non-Social,150.0,45.0
67,movie,3,Non-Social,160.0,60.0
67,movie,4,Non-Social,135.0,85.0
67,movie,5,Non-Social,165.0,100.0
68,movie,1,Non-Social,150.0,30.0
68,movie,2,Non-Social,150.0,45.0
68,movie,3,Non-Social,150.0,60.0
68,movie,4,Non-Social,150.0,85.0
68,movie,5,Non-Social,150.0,100.0
69,movie,1,Non-Social,90.0,30.0
69,movie,2,Non-Social,90.0,45.0
69,movie,3,Non-Social,90.0,60.0
69,movie,4,Non-Social,90.0,85.0
69,movie,5,Non-Social,120.0,100.0
70,movie,1,Non-Social,110.0,30.0
70,movie,2,Non-Social,110.0,45.0
70,movie,3,Non-Social,110.0,60.0
70,movie,4,Non-Social,110.0,85.0
70,movie,5,Non-Social,120.0,100.0
71,movie,1,Non-Social,120.0,30.0
71,movie,2,Non-Social,120.0,45.0
71,movie,3,Non-Social,120.0,60.0
71,movie,4,Non-Social,120.0,85.0
71,movie,5,Non-Social,120.0,100.0
72,movie,1,Non-Social,90.0,30.0
72,movie,2,Non-Social,90.0,45.0
72,movie,3,Non-Social,90.0,60.0
72,movie,4,Non-Social,90.0,85.0
72,movie,5,Non-Social,120.0,100.0
73,movie,1,Non-Social,120.0,30.0
73,movie,2,Non-Social,120.0,45.0
73,movie,3,Non-Social,120.0,60.0
73,movie,4,Non-Social,120.0,85.0
73,movie,5,Non-Social,120.0,100.0
74,movie,1,Non-Social,120.0,30.0
74,movie,2,Non-Social,120.0,45.0
74,movie,3,Non-Social,120.0,60.0
74,movie,4,Non-Social,120.0,85.0
74,movie,5,Non-Social,120.0,100.0
75,movie,1,Non-Social,90.0,30.0
75,movie,2,Non-Social,90.0,45.0
75,movie,3,Non-Social,90.0,60.0
75,movie,4,Non-Social,90.0,85.0
75,movie,5,Non-Social,120.0,100.0
76,movie,1,Non-Social,90.0,30.0
76,movie,2,Non-Social,90.0,45.0
76,movie,3,Non-Social,90.0,60.0
76,movie,4,Non-Social,90.0,85.0
76,movie,5,Non-Social,120.0,100.0
77,movie,1,Non-Social,119.0,30.0
77,movie,2,Non-Social,130.0,45.0
77,movie,3,Non-Social,110.0,60.0
77,movie,4,Non-Social,130.0,85.0
77,movie,5,Non-Social,150.0,100.0
78,movie,1,Non-Social,30.0,30.0
78,movie,2,Non-Social,45.0,45.0
78,movie,3,Non-Social,64.0,60.0
78,movie,4,Non-Social,89.0,85.0
78,movie,5,Non-Social,104.0,100.0
79,movie,1,Non-Social,90.0,30.0
79,movie,2,Non-Social,90.0,45.0
79,movie,3,Non-Social,90.0,60.0
79,movie,4,Non-Social,90.0,85.0
79,movie,5,Non-Social,140.0,100.0
80,movie,1,Non-Social,90.0,30.0
80,movie,2,Non-Social,90.0,45.0
80,movie,3,Non-Social,120.0,60.0
80,movie,4,Non-Social,120.0,85.0
80,movie,5,Non-Social,120.0,100.0
81,movie,1,Non-Social,90.0,30.0
81,movie,2,Non-Social,90.0,45.0
81,movie,3,Non-Social,90.0,60.0
81,movie,4,Non-Social,90.0,85.0
81,movie,5,Non-Social,120.0,100.0
82,movie,1,Non-Social,90.0,30.0
82,movie,2,Non-Social,120.0,45.0
82,movie,3,Non-Social,120.0,60.0
82,movie,4,Non-Social,140.0,85.0
82,movie,5,Non-Social,140.0,100.0
83,movie,1,Non-Social,110.0,30.0
83,movie,2,Non-Social,110.0,45.0
83,movie,3,Non-Social,110.0,60.0
83,movie,4,Non-Social,110.0,85.0
83,movie,5,Non-Social,110.0,100.0
84,movie,1,Non-Social,90.0,30.0
84,movie,2,Non-Social,90.0,45.0
84,movie,3,Non-Social,90.0,60.0
84,movie,4,Non-Social,90.0,85.0
84,movie,5,Non-Social,120.0,100.0
85,movie,1,Non-Social,90.0,30.0
85,movie,2,Non-Social,90.0,45.0
85,movie,3,Non-Social,90.0,60.0
85,movie,4,Non-Social,120.0,85.0
85,movie,5,Non-Social,120.0,100.0
86,movie,1,Non-Social,60.0,30.0
86,movie,2,Non-Social,90.0,45.0
86,movie,3,Non-Social,95.0,60.0
86,movie,4,Non-Social,120.0,85.0
86,movie,5,Non-Social,130.0,100.0
87,movie,1,Non-Social,90.0,30.0
87,movie,2,Non-Social,90.0,45.0
87,movie,3,Non-Social,90.0,60.0
87,movie,4,Non-Social,120.0,85.0
87,movie,5,Non-Social,120.0,100.0
88,movie,1,Non-Social,100.0,30.0
88,movie,2,Non-Social,100.0,45.0
88,movie,3,Non-Social,100.0,60.0
88,movie,4,Non-Social,100.0,85.0
88,movie,5,Non-Social,100.0,100.0
89,movie,1,Non-Social,38.0,30.0
89,movie,2,Non-Social,54.0,45.0
89,movie,3,Non-Social,71.0,60.0
89,movie,4,Non-Social,99.0,85.0
89,movie,5,Non-Social,120.0,100.0
90,movie,1,Non-Social,90.0,30.0
90,movie,2,Non-Social,90.0,45.0
90,movie,3,Non-Social,90.0,60.0
90,movie,4,Non-Social,100.0,85.0
90,movie,5,Non-Social,115.0,100.0
91,movie,1,Non-Social,120.0,30.0
91,movie,2,Non-Social,120.0,45.0
91,movie,3,Non-Social,180.0,60.0
91,movie,4,Non-Social,180.0,85.0
91,movie,5,Non-Social,180.0,100.0
92,movie,1,Non-Social,180.0,30.0
92,movie,2,Non-Social,180.0,45.0
92,movie,3,Non-Social,180.0,60.0
92,movie,4,Non-Social,180.0,85.0
92,movie,5,Non-Social,180.0,100.0
93,movie,1,Non-Social,120.0,30.0
93,movie,2,Non-Social,130.0,45.0
93,movie,3,Non-Social,150.0,60.0
93,movie,4,Non-Social,140.0,85.0
93,movie,5,Non-Social,130.0,100.0
94,movie,1,Non-Social,120.0,30.0
94,movie,2,Non-Social,135.0,45.0
94,movie,3,Non-Social,180.0,60.0
94,movie,4,Non-Social,95.0,85.0
94,movie,5,Non-Social,130.0,100.0
95,movie,1,Non-Social,100.0,30.0
95,movie,2,Non-Social,100.0,45.0
95,movie,3,Non-Social,110.0,60.0
95,movie,4,Non-Social,100.0,85.0
95,movie,5,Non-Social,120.0,100.0
96,movie,1,Non-Social,100.0,30.0
96,movie,2,Non-Social,90.0,45.0
96,movie,3,Non-Social,120.0,60.0
96,movie,4,Non-Social,90.0,85.0
96,movie,5,Non-Social,140.0,100.0
97,movie,1,Non-Social,85.0,30.0
97,movie,2,Non-Social,90.0,45.0
97,movie,3,Non-Social,120.0,60.0
97,movie,4,Non-Social,120.0,85.0
97,movie,5,Non-Social,120.0,100.0
98,movie,1,Non-Social,120.0,30.0
98,movie,2,Non-Social,120.0,45.0
98,movie,3,Non-Social,120.0,60.0
98,movie,4,Non-Social,120.0,85.0
98,movie,5,Non-Social,120.0,100.0
99,movie,1,Non-Social,130.0,30.0
99,movie,2,Non-Social,130.0,45.0
99,movie,3,Non-Social,130.0,60.0
99,movie,4,Non-Social,130.0,85.0
99,movie,5,Non-Social,130.0,100.0
100,movie,1,Non-Social,120.0,30.0
100,movie,2,Non-Social,120.0,45.0
100,movie,3,Non-Social,120.0,60.0
100,movie,4,Non-Social,120.0,85.0
100,movie,5,Non-Social,120.0,100.0
101,movie,1,Non-Social,60.0,30.0
101,movie,2,Non-Social,75.0,45.0
101,movie,3,Non-Social,90.0,60.0
101,movie,4,Non-Social,120.0,85.0
101,movie,5,Non-Social,145.0,100.0
102,movie,1,Non-Social,95.0,30.0
102,movie,2,Non-Social,83.0,45.0
102,movie,3,Non-Social,95.0,60.0
102,movie,4,Non-Social,95.0,85.0
102,movie,5,Non-Social,145.0,100.0
103,movie,1,Non-Social,120.0,30.0
103,movie,2,Non-Social,120.0,45.0
103,movie,3,Non-Social,120.0,60.0
103,movie,4,Non-Social,120.0,85.0
103,movie,5,Non-Social,120.0,100.0
104,movie,1,Non-Social,120.0,30.0
104,movie,2,Non-Social,120.0,45.0
104,movie,3,Non-Social,120.0,60.0
104,movie,4,Non-Social,120.0,85.0
104,movie,5,Non-Social,120.0,100.0
105,movie,1,Non-Social,120.0,30.0
105,movie,2,Non-Social,120.0,45.0
105,movie,3,Non-Social,120.0,60.0
105,movie,4,Non-Social,120.0,85.0
105,movie,5,Non-Social,120.0,100.0
106,movie,1,Non-Social,90.0,30.0
106,movie,2,Non-Social,90.0,45.0
106,movie,3,Non-Social,90.0,60.0
106,movie,4,Non-Social,120.0,85.0
106,movie,5,Non-Social,120.0,100.0
107,movie,1,Non-Social,120.0,30.0
107,movie,2,Non-Social,90.0,45.0
107,movie,3,Non-Social,90.0,60.0
107,movie,4,Non-Social,90.0,85.0
107,movie,5,Non-Social,115.0,100.0
108,movie,1,Non-Social,90.0,30.0
108,movie,2,Non-Social,45.0,45.0
108,movie,3,Non-Social,60.0,60.0
108,movie,4,Non-Social,86.0,85.0
108,movie,5,Non-Social,101.0,100.0
109,movie,1,Non-Social,120.0,30.0
109,movie,2,Non-Social,90.0,45.0
109,movie,3,Non-Social,130.0,60.0
109,movie,4,Non-Social,90.0,85.0
109,movie,5,Non-Social,140.0,100.0
110,movie,1,Non-Social,120.0,30.0
110,movie,2,Non-Social,120.0,45.0
110,movie,3,Non-Social,120.0,60.0
110,movie,4,Non-Social,125.0,85.0
110,movie,5,Non-Social,125.0,100.0
111,movie,1,Non-Social,120.0,30.0
111,movie,2,Non-Social,120.0,45.0
111,movie,3,Non-Social,120.0,60.0
111,movie,4,Non-Social,120.0,85.0
111,movie,5,Non-Social,120.0,100.0
112,movie,1,Non-Social,120.0,30.0
112,movie,2,Non-Social,120.0,45.0
112,movie,3,Non-Social,120.0,60.0
112,movie,4,Non-Social,120.0,85.0
112,movie,5,Non-Social,120.0,100.0
113,movie,1,Non-Social,145.0,30.0
113,movie,2,Non-Social,145.0,45.0
113,movie,3,Non-Social,160.0,60.0
113,movie,4,Non-Social,140.0,85.0
113,movie,5,Non-Social,140.0,100.0
114,movie,1,Non-Social,30.0,30.0
114,movie,2,Non-Social,60.0,45.0
114,movie,3,Non-Social,80.0,60.0
114,movie,4,Non-Social,100.0,85.0
114,movie,5,Non-Social,120.0,100.0
115,movie,1,Non-Social,120.0,30.0
115,movie,2,Non-Social,120.0,45.0
115,movie,3,Non-Social,120.0,60.0
115,movie,4,Non-Social,120.0,85.0
115,movie,5,Non-Social,120.0,100.0
116,movie,1,Non-Social,90.0,30.0
116,movie,2,Non-Social,90.0,45.0
116,movie,3,Non-Social,90.0,60.0
116,movie,4,Non-Social,90.0,85.0
116,movie,5,Non-Social,120.0,100.0
117,movie,1,Non-Social,102.0,30.0
117,movie,2,Non-Social,124.0,45.0
117,movie,3,Non-Social,98.0,60.0
117,movie,4,Non-Social,120.0,85.0
117,movie,5,Non-Social,130.0,100.0
118,movie,1,Non-Social,190.0,30.0
118,movie,2,Non-Social,190.0,45.0
118,movie,3,Non-Social,190.0,60.0
118,movie,4,Non-Social,190.0,85.0
118,movie,5,Non-Social,190.0,100.0
119,movie,1,Non-Social,90.0,30.0
119,movie,2,Non-Social,90.0,45.0
119,movie,3,Non-Social,90.0,60.0
119,movie,4,Non-Social,120.0,85.0
119,movie,5,Non-Social,120.0,100.0
120,movie,1,Non-Social,90.0,30.0
120,movie,2,Non-Social,90.0,45.0
120,movie,3,Non-Social,90.0,60.0
120,movie,4,Non-Social,90.0,85.0
120,movie,5,Non-Social,120.0,100.0
121,movie,1,Non-Social,30.0,30.0
121,movie,2,Non-Social,45.0,45.0
121,movie,3,Non-Social,60.0,60.0
121,movie,4,Non-Social,85.0,85.0
121,movie,5,Non-Social,100.0,100.0
122,movie,1,Non-Social,30.0,30.0
122,movie,2,Non-Social,50.0,45.0
122,movie,3,Non-Social,70.0,60.0
122,movie,4,Non-Social,90.0,85.0
122,movie,5,Non-Social,110.0,100.0
123,movie,1,Non-Social,120.0,30.0
123,movie,2,Non-Social,120.0,45.0
123,movie,3,Non-Social,120.0,60.0
123,movie,4,Non-Social,120.0,85.0
123,movie,5,Non-Social,150.0,100.0
124,movie,1,Non-Social,139.0,30.0
124,movie,2,Non-Social,136.0,45.0
124,movie,3,Non-Social,158.0,60.0
124,movie,4,Non-Social,126.0,85.0
124,movie,5,Non-Social,168.0,100.0
125,movie,1,Non-Social,100.0,30.0
125,movie,2,Non-Social,100.0,45.0
125,movie,3,Non-Social,100.0,60.0
125,movie,4,Non-Social,100.0,85.0
125,movie,5,Non-Social,120.0,100.0
126,movie,1,Non-Social,90.0,30.0
126,movie,2,Non-Social,105.0,45.0
126,movie,3,Non-Social,90.0,60.0
126,movie,4,Non-Social,120.0,85.0
126,movie,5,Non-Social,130.0,100.0
127,movie,1,Non-Social,90.0,30.0
127,movie,2,Non-Social,90.0,45.0
127,movie,3,Non-Social,120.0,60.0
127,movie,4,Non-Social,180.0,85.0
127,movie,5,Non-Social,150.0,100.0
128,movie,1,Non-Social,120.0,30.0
128,movie,2,Non-Social,120.0,45.0
128,movie,3,Non-Social,90.0,60.0
128,movie,4,Non-Social,180.0,85.0
128,movie,5,Non-Social,240.0,100.0
129,movie,1,Non-Social,60.0,30.0
129,movie,2,Non-Social,60.0,45.0
129,movie,3,Non-Social,60.0,60.0
129,movie,4,Non-Social,120.0,85.0
129,movie,5,Non-Social,120.0,100.0
130,movie,1,Non-Social,90.0,30.0
130,movie,2,Non-Social,90.0,45.0
130,movie,3,Non-Social,60.0,60.0
130,movie,4,Non-Social,93.0,85.0
130,movie,5,Non-Social,100.0,100.0
131,movie,1,Non-Social,90.0,30.0
131,movie,2,Non-Social,60.0,45.0
131,movie,3,Non-Social,120.0,60.0
131,movie,4,Non-Social,150.0,85.0
131,movie,5,Non-Social,120.0,100.0
132,movie,1,Non-Social,89.0,30.0
132,movie,2,Non-Social,96.0,45.0
132,movie,3,Non-Social,120.0,60.0
132,movie,4,Non-Social,127.0,85.0
132,movie,5,Non-Social,142.0,100.0
133,movie,1,Non-Social,160.0,30.0
133,movie,2,Non-Social,160.0,45.0
133,movie,3,Non-Social,160.0,60.0
133,movie,4,Non-Social,160.0,85.0
133,movie,5,Non-Social,160.0,100.0
134,movie,1,Non-Social,100.0,30.0
134,movie,2,Non-Social,100.0,45.0
134,movie,3,Non-Social,120.0,60.0
134,movie,4,Non-Social,120.0,85.0
134,movie,5,Non-Social,130.0,100.0
135,movie,1,Non-Social,120.0,30.0
135,movie,2,Non-Social,120.0,45.0
135,movie,3,Non-Social,120.0,60.0
135,movie,4,Non-Social,120.0,85.0
135,movie,5,Non-Social,120.0,100.0
136,movie,1,Non-Social,95.0,30.0
136,movie,2,Non-Social,95.0,45.0
136,movie,3,Non-Social,95.0,60.0
136,movie,4,Non-Social,95.0,85.0
136,movie,5,Non-Social,125.0,100.0
137,movie,1,Non-Social,85.0,30.0
137,movie,2,Non-Social,50.0,45.0
137,movie,3,Non-Social,60.0,60.0
137,movie,4,Non-Social,85.0,85.0
137,movie,5,Non-Social,100.0,100.0
138,movie,1,Non-Social,90.0,30.0
138,movie,2,Non-Social,90.0,45.0
138,movie,3,Non-Social,90.0,60.0
138,movie,4,Non-Social,120.0,85.0
138,movie,5,Non-Social,120.0,100.0
139,movie,1,Non-Social,125.0,30.0
139,movie,2,Non-Social,125.0,45.0
139,movie,3,Non-Social,125.0,60.0
139,movie,4,Non-Social,125.0,85.0
139,movie,5,Non-Social,125.0,100.0
140,movie,1,Non-Social,100.0,30.0
140,movie,2,Non-Social,120.0,45.0
140,movie,3,Non-Social,120.0,60.0
140,movie,4,Non-Social,125.0,85.0
140,movie,5,Non-Social,125.0,100.0
141,movie,1,Non-Social,90.0,30.0
141,movie,2,Non-Social,90.0,45.0
141,movie,3,Non-Social,90.0,60.0
141,movie,4,Non-Social,110.0,85.0
141,movie,5,Non-Social,130.0,100.0
142,movie,1,Non-Social,180.0,30.0
142,movie,2,Non-Social,140.0,45.0
142,movie,3,Non-Social,130.0,60.0
142,movie,4,Non-Social,150.0,85.0
142,movie,5,Non-Social,120.0,100.0
143,movie,1,Non-Social,110.0,30.0
143,movie,2,Non-Social,100.0,45.0
143,movie,3,Non-Social,120.0,60.0
143,movie,4,Non-Social,95.0,85.0
143,movie,5,Non-Social,140.0,100.0
144,movie,1,Non-Social,130.0,30.0
144,movie,2,Non-Social,130.0,45.0
144,movie,3,Non-Social,120.0,60.0
144,movie,4,Non-Social,120.0,85.0
144,movie,5,Non-Social,130.0,100.0
145,movie,1,Non-Social,120.0,30.0
145,movie,2,Non-Social,95.0,45.0
145,movie,3,Non-Social,123.0,60.0
145,movie,4,Non-Social,90.0,85.0
145,movie,5,Non-Social,120.0,100.0
146,movie,1,Non-Social,75.0,30.0
146,movie,2,Non-Social,85.0,45.0
146,movie,3,Non-Social,95.0,60.0
146,movie,4,Non-Social,120.0,85.0
146,movie,5,Non-Social,140.0,100.0
147,movie,1,Non-Social,130.0,30.0
147,movie,2,Non-Social,130.0,45.0
147,movie,3,Non-Social,130.0,60.0
147,movie,4,Non-Social,130.0,85.0
147,movie,5,Non-Social,130.0,100.0
148,movie,1,Non-Social,90.0,30.0
148,movie,2,Non-Social,90.0,45.0
148,movie,3,Non-Social,90.0,60.0
148,movie,4,Non-Social,100.0,85.0
148,movie,5,Non-Social,120.0,100.0
149,movie,1,Non-Social,80.0,30.0
149,movie,2,Non-Social,90.0,45.0
149,movie,3,Non-Social,90.0,60.0
149,movie,4,Non-Social,95.0,85.0
149,movie,5,Non-Social,120.0,100.0
1,podcast,1,Non-Social,15.0,15.0
1,podcast,2,Non-Social,33.0,30.0
1,podcast,3,Non-Social,55.0,55.0
1,podcast,4,Non-Social,77.0,75.0
1,podcast,5,Non-Social,110.0,105.0
2,podcast,1,Non-Social,60.0,15.0
2,podcast,2,Non-Social,60.0,30.0
2,podcast,3,Non-Social,60.0,55.0
2,podcast,4,Non-Social,90.0,75.0
2,podcast,5,Non-Social,120.0,105.0
3,podcast,1,Non-Social,20.0,15.0
3,podcast,2,Non-Social,40.0,30.0
3,podcast,3,Non-Social,60.0,55.0
3,podcast,4,Non-Social,90.0,75.0
3,podcast,5,Non-Social,120.0,105.0
4,podcast,1,Non-Social,40.0,15.0
4,podcast,2,Non-Social,40.0,30.0
4,podcast,3,Non-Social,55.0,55.0
4,podcast,4,Non-Social,80.0,75.0
4,podcast,5,Non-Social,120.0,105.0
5,podcast,1,Non-Social,15.0,15.0
5,podcast,2,Non-Social,30.0,30.0
5,podcast,3,Non-Social,120.0,55.0
5,podcast,4,Non-Social,150.0,75.0
5,podcast,5,Non-Social,200.0,105.0
6,podcast,1,Non-Social,100.0,15.0
6,podcast,2,Non-Social,100.0,30.0
6,podcast,3,Non-Social,120.0,55.0
6,podcast,4,Non-Social,120.0,75.0
6,podcast,5,Non-Social,120.0,105.0
7,podcast,1,Non-Social,15.0,15.0
7,podcast,2,Non-Social,45.0,30.0
7,podcast,3,Non-Social,80.0,55.0
7,podcast,4,Non-Social,90.0,75.0
7,podcast,5,Non-Social,120.0,105.0
8,podcast,1,Non-Social,15.0,15.0
8,podcast,2,Non-Social,75.0,30.0
8,podcast,3,Non-Social,56.0,55.0
8,podcast,4,Non-Social,75.0,75.0
8,podcast,5,Non-Social,132.0,105.0
9,podcast,1,Non-Social,20.0,15.0
9,podcast,2,Non-Social,40.0,30.0
9,podcast,3,Non-Social,60.0,55.0
9,podcast,4,Non-Social,80.0,75.0
9,podcast,5,Non-Social,110.0,105.0
10,podcast,1,Non-Social,30.0,15.0
10,podcast,2,Non-Social,35.0,30.0
10,podcast,3,Non-Social,75.0,55.0
10,podcast,4,Non-Social,90.0,75.0
10,podcast,5,Non-Social,120.0,105.0
11,podcast,1,Non-Social,30.0,15.0
11,podcast,2,Non-Social,45.0,30.0
11,podcast,3,Non-Social,60.0,55.0
11,podcast,4,Non-Social,90.0,75.0
11,podcast,5,Non-Social,120.0,105.0
12,podcast,1,Non-Social,60.0,15.0
12,podcast,2,Non-Social,110.0,30.0
12,podcast,3,Non-Social,120.0,55.0
12,podcast,4,Non-Social,100.0,75.0
12,podcast,5,Non-Social,115.0,105.0
13,podcast,1,Non-Social,15.0,15.0
13,podcast,2,Non-Social,30.0,30.0
13,podcast,3,Non-Social,60.0,55.0
13,podcast,4,Non-Social,120.0,75.0
13,podcast,5,Non-Social,120.0,105.0
14,podcast,1,Non-Social,25.0,15.0
14,podcast,2,Non-Social,45.0,30.0
14,podcast,3,Non-Social,70.0,55.0
14,podcast,4,Non-Social,85.0,75.0
14,podcast,5,Non-Social,130.0,105.0
15,podcast,1,Non-Social,90.0,15.0
15,podcast,2,Non-Social,90.0,30.0
15,podcast,3,Non-Social,90.0,55.0
15,podcast,4,Non-Social,120.0,75.0
15,podcast,5,Non-Social,150.0,105.0
16,podcast,1,Non-Social,40.0,15.0
16,podcast,2,Non-Social,40.0,30.0
16,podcast,3,Non-Social,60.0,55.0
16,podcast,4,Non-Social,90.0,75.0
16,podcast,5,Non-Social,110.0,105.0
17,podcast,1,Non-Social,60.0,15.0
17,podcast,2,Non-Social,60.0,30.0
17,podcast,3,Non-Social,60.0,55.0
17,podcast,4,Non-Social,80.0,75.0
17,podcast,5,Non-Social,120.0,105.0
18,podcast,1,Non-Social,70.0,15.0
18,podcast,2,Non-Social,80.0,30.0
18,podcast,3,Non-Social,80.0,55.0
18,podcast,4,Non-Social,80.0,75.0
18,podcast,5,Non-Social,110.0,105.0
19,podcast,1,Non-Social,90.0,15.0
19,podcast,2,Non-Social,90.0,30.0
19,podcast,3,Non-Social,90.0,55.0
19,podcast,4,Non-Social,90.0,75.0
19,podcast,5,Non-Social,120.0,105.0
20,podcast,1,Non-Social,60.0,15.0
20,podcast,2,Non-Social,60.0,30.0
20,podcast,3,Non-Social,55.0,55.0
20,podcast,4,Non-Social,180.0,75.0
20,podcast,5,Non-Social,120.0,105.0
21,podcast,1,Non-Social,20.0,15.0
21,podcast,2,Non-Social,30.0,30.0
21,podcast,3,Non-Social,60.0,55.0
21,podcast,4,Non-Social,90.0,75.0
21,podcast,5,Non-Social,120.0,105.0
22,podcast,1,Non-Social,25.0,15.0
22,podcast,2,Non-Social,50.0,30.0
22,podcast,3,Non-Social,70.0,55.0
22,podcast,4,Non-Social,90.0,75.0
22,podcast,5,Non-Social,130.0,105.0
23,podcast,1,Non-Social,45.0,15.0
23,podcast,2,Non-Social,45.0,30.0
23,podcast,3,Non-Social,65.0,55.0
23,podcast,4,Non-Social,90.0,75.0
23,podcast,5,Non-Social,120.0,105.0
24,podcast,1,Non-Social,40.0,15.0
24,podcast,2,Non-Social,40.0,30.0
24,podcast,3,Non-Social,66.0,55.0
24,podcast,4,Non-Social,88.0,75.0
24,podcast,5,Non-Social,110.0,105.0
25,podcast,1,Non-Social,45.0,15.0
25,podcast,2,Non-Social,45.0,30.0
25,podcast,3,Non-Social,60.0,55.0
25,podcast,4,Non-Social,90.0,75.0
25,podcast,5,Non-Social,120.0,105.0
26,podcast,1,Non-Social,30.0,15.0
26,podcast,2,Non-Social,30.0,30.0
26,podcast,3,Non-Social,60.0,55.0
26,podcast,4,Non-Social,90.0,75.0
26,podcast,5,Non-Social,120.0,105.0
27,podcast,1,Non-Social,30.0,15.0
27,podcast,2,Non-Social,60.0,30.0
27,podcast,3,Non-Social,55.0,55.0
27,podcast,4,Non-Social,75.0,75.0
27,podcast,5,Non-Social,105.0,105.0
28,podcast,1,Non-Social,20.0,15.0
28,podcast,2,Non-Social,40.0,30.0
28,podcast,3,Non-Social,80.0,55.0
28,podcast,4,Non-Social,90.0,75.0
28,podcast,5,Non-Social,120.0,105.0
29,podcast,1,Non-Social,16.0,15.0
29,podcast,2,Non-Social,32.0,30.0
29,podcast,3,Non-Social,56.0,55.0
29,podcast,4,Non-Social,78.0,75.0
29,podcast,5,Non-Social,110.0,105.0
30,podcast,1,Non-Social,80.0,15.0
30,podcast,2,Non-Social,80.0,30.0
30,podcast,3,Non-Social,80.0,55.0
30,podcast,4,Non-Social,80.0,75.0
30,podcast,5,Non-Social,120.0,105.0
31,podcast,1,Non-Social,50.0,15.0
31,podcast,2,Non-Social,50.0,30.0
31,podcast,3,Non-Social,70.0,55.0
31,podcast,4,Non-Social,90.0,75.0
31,podcast,5,Non-Social,120.0,105.0
32,podcast,1,Non-Social,25.0,15.0
32,podcast,2,Non-Social,40.0,30.0
32,podcast,3,Non-Social,60.0,55.0
32,podcast,4,Non-Social,90.0,75.0
32,podcast,5,Non-Social,120.0,105.0
33,podcast,1,Non-Social,40.0,15.0
33,podcast,2,Non-Social,60.0,30.0
33,podcast,3,Non-Social,120.0,55.0
33,podcast,4,Non-Social,150.0,75.0
33,podcast,5,Non-Social,210.0,105.0
34,podcast,1,Non-Social,35.0,15.0
34,podcast,2,Non-Social,35.0,30.0
34,podcast,3,Non-Social,65.0,55.0
34,podcast,4,Non-Social,80.0,75.0
34,podcast,5,Non-Social,120.0,105.0
35,podcast,1,Non-Social,30.0,15.0
35,podcast,2,Non-Social,60.0,30.0
35,podcast,3,Non-Social,70.0,55.0
35,podcast,4,Non-Social,90.0,75.0
35,podcast,5,Non-Social,120.0,105.0
36,podcast,1,Non-Social,60.0,15.0
36,podcast,2,Non-Social,60.0,30.0
36,podcast,3,Non-Social,60.0,55.0
36,podcast,4,Non-Social,90.0,75.0
36,podcast,5,Non-Social,120.0,105.0
37,podcast,1,Non-Social,45.0,15.0
37,podcast,2,Non-Social,45.0,30.0
37,podcast,3,Non-Social,150.0,55.0
37,podcast,4,Non-Social,105.0,75.0
37,podcast,5,Non-Social,150.0,105.0
38,podcast,1,Non-Social,60.0,15.0
38,podcast,2,Non-Social,60.0,30.0
38,podcast,3,Non-Social,90.0,55.0
38,podcast,4,Non-Social,90.0,75.0
38,podcast,5,Non-Social,130.0,105.0
39,podcast,1,Non-Social,30.0,15.0
39,podcast,2,Non-Social,45.0,30.0
39,podcast,3,Non-Social,70.0,55.0
39,podcast,4,Non-Social,85.0,75.0
39,podcast,5,Non-Social,120.0,105.0
40,podcast,1,Non-Social,45.0,15.0
40,podcast,2,Non-Social,45.0,30.0
40,podcast,3,Non-Social,70.0,55.0
40,podcast,4,Non-Social,90.0,75.0
40,podcast,5,Non-Social,120.0,105.0
41,podcast,1,Non-Social,30.0,15.0
41,podcast,2,Non-Social,45.0,30.0
41,podcast,3,Non-Social,60.0,55.0
41,podcast,4,Non-Social,90.0,75.0
41,podcast,5,Non-Social,125.0,105.0
42,podcast,1,Non-Social,25.0,15.0
42,podcast,2,Non-Social,45.0,30.0
42,podcast,3,Non-Social,80.0,55.0
42,podcast,4,Non-Social,80.0,75.0
42,podcast,5,Non-Social,125.0,105.0
43,podcast,1,Non-Social,240.0,15.0
43,podcast,2,Non-Social,240.0,30.0
43,podcast,3,Non-Social,240.0,55.0
43,podcast,4,Non-Social,240.0,75.0
43,podcast,5,Non-Social,240.0,105.0
44,podcast,1,Non-Social,30.0,15.0
44,podcast,2,Non-Social,60.0,30.0
44,podcast,3,Non-Social,60.0,55.0
44,podcast,4,Non-Social,90.0,75.0
44,podcast,5,Non-Social,110.0,105.0
45,podcast,1,Non-Social,25.0,15.0
45,podcast,2,Non-Social,45.0,30.0
45,podcast,3,Non-Social,60.0,55.0
45,podcast,4,Non-Social,120.0,75.0
45,podcast,5,Non-Social,120.0,105.0
46,podcast,1,Non-Social,90.0,15.0
46,podcast,2,Non-Social,60.0,30.0
46,podcast,3,Non-Social,60.0,55.0
46,podcast,4,Non-Social,90.0,75.0
46,podcast,5,Non-Social,120.0,105.0
47,podcast,1,Non-Social,60.0,15.0
47,podcast,2,Non-Social,60.0,30.0
47,podcast,3,Non-Social,90.0,55.0
47,podcast,4,Non-Social,120.0,75.0
47,podcast,5,Non-Social,120.0,105.0
48,podcast,1,Non-Social,30.0,15.0
48,podcast,2,Non-Social,50.0,30.0
48,podcast,3,Non-Social,60.0,55.0
48,podcast,4,Non-Social,90.0,75.0
48,podcast,5,Non-Social,120.0,105.0
49,podcast,1,Non-Social,45.0,15.0
49,podcast,2,Non-Social,45.0,30.0
49,podcast,3,Non-Social,58.0,55.0
49,podcast,4,Non-Social,90.0,75.0
49,podcast,5,Non-Social,120.0,105.0
50,podcast,1,Non-Social,15.0,15.0
50,podcast,2,Non-Social,55.0,30.0
50,podcast,3,Non-Social,70.0,55.0
50,podcast,4,Non-Social,90.0,75.0
50,podcast,5,Non-Social,123.0,105.0
51,podcast,1,Non-Social,60.0,15.0
51,podcast,2,Non-Social,60.0,30.0
51,podcast,3,Non-Social,60.0,55.0
51,podcast,4,Non-Social,90.0,75.0
51,podcast,5,Non-Social,120.0,105.0
52,podcast,1,Non-Social,35.0,15.0
52,podcast,2,Non-Social,35.0,30.0
52,podcast,3,Non-Social,80.0,55.0
52,podcast,4,Non-Social,80.0,75.0
52,podcast,5,Non-Social,120.0,105.0
53,podcast,1,Non-Social,16.0,15.0
53,podcast,2,Non-Social,30.0,30.0
53,podcast,3,Non-Social,58.0,55.0
53,podcast,4,Non-Social,76.0,75.0
53,podcast,5,Non-Social,107.0,105.0
54,podcast,1,Non-Social,20.0,15.0
54,podcast,2,Non-Social,45.0,30.0
54,podcast,3,Non-Social,60.0,55.0
54,podcast,4,Non-Social,80.0,75.0
54,podcast,5,Non-Social,120.0,105.0
55,podcast,1,Non-Social,15.0,15.0
55,podcast,2,Non-Social,30.0,30.0
55,podcast,3,Non-Social,55.0,55.0
55,podcast,4,Non-Social,75.0,75.0
55,podcast,5,Non-Social,105.0,105.0
56,podcast,1,Non-Social,35.0,15.0
56,podcast,2,Non-Social,40.0,30.0
56,podcast,3,Non-Social,60.0,55.0
56,podcast,4,Non-Social,90.0,75.0
56,podcast,5,Non-Social,120.0,105.0
57,podcast,1,Non-Social,45.0,15.0
57,podcast,2,Non-Social,45.0,30.0
57,podcast,3,Non-Social,60.0,55.0
57,podcast,4,Non-Social,75.0,75.0
57,podcast,5,Non-Social,110.0,105.0
58,podcast,1,Non-Social,60.0,15.0
58,podcast,2,Non-Social,60.0,30.0
58,podcast,3,Non-Social,60.0,55.0
58,podcast,4,Non-Social,90.0,75.0
58,podcast,5,Non-Social,120.0,105.0
59,podcast,1,Non-Social,60.0,15.0
59,podcast,2,Non-Social,60.0,30.0
59,podcast,3,Non-Social,90.0,55.0
59,podcast,4,Non-Social,90.0,75.0
59,podcast,5,Non-Social,120.0,105.0
60,podcast,1,Non-Social,15.0,15.0
60,podcast,2,Non-Social,30.0,30.0
60,podcast,3,Non-Social,55.0,55.0
60,podcast,4,Non-Social,75.0,75.0
60,podcast,5,Non-Social,105.0,105.0
61,podcast,1,Non-Social,45.0,15.0
61,podcast,2,Non-Social,45.0,30.0
61,podcast,3,Non-Social,90.0,55.0
61,podcast,4,Non-Social,90.0,75.0
61,podcast,5,Non-Social,180.0,105.0
62,podcast,1,Non-Social,30.0,15.0
62,podcast,2,Non-Social,60.0,30.0
62,podcast,3,Non-Social,60.0,55.0
62,podcast,4,Non-Social,120.0,75.0
62,podcast,5,Non-Social,120.0,105.0
63,podcast,1,Non-Social,43.0,15.0
63,podcast,2,Non-Social,55.0,30.0
63,podcast,3,Non-Social,83.0,55.0
63,podcast,4,Non-Social,100.0,75.0
63,podcast,5,Non-Social,120.0,105.0
64,podcast,1,Non-Social,60.0,15.0
64,podcast,2,Non-Social,90.0,30.0
64,podcast,3,Non-Social,120.0,55.0
64,podcast,4,Non-Social,150.0,75.0
64,podcast,5,Non-Social,150.0,105.0
65,podcast,1,Non-Social,60.0,15.0
65,podcast,2,Non-Social,60.0,30.0
65,podcast,3,Non-Social,60.0,55.0
65,podcast,4,Non-Social,90.0,75.0
65,podcast,5,Non-Social,120.0,105.0
66,podcast,1,Non-Social,65.0,15.0
66,podcast,2,Non-Social,70.0,30.0
66,podcast,3,Non-Social,75.0,55.0
66,podcast,4,Non-Social,80.0,75.0
66,podcast,5,Non-Social,140.0,105.0
67,podcast,1,Non-Social,70.0,15.0
67,podcast,2,Non-Social,100.0,30.0
67,podcast,3,Non-Social,120.0,55.0
67,podcast,4,Non-Social,135.0,75.0
67,podcast,5,Non-Social,140.0,105.0
68,podcast,1,Non-Social,60.0,15.0
68,podcast,2,Non-Social,60.0,30.0
68,podcast,3,Non-Social,60.0,55.0
68,podcast,4,Non-Social,90.0,75.0
68,podcast,5,Non-Social,120.0,105.0
69,podcast,1,Non-Social,45.0,15.0
69,podcast,2,Non-Social,45.0,30.0
69,podcast,3,Non-Social,60.0,55.0
69,podcast,4,Non-Social,90.0,75.0
69,podcast,5,Non-Social,120.0,105.0
70,podcast,1,Non-Social,45.0,15.0
70,podcast,2,Non-Social,45.0,30.0
70,podcast,3,Non-Social,70.0,55.0
70,podcast,4,Non-Social,90.0,75.0
70,podcast,5,Non-Social,120.0,105.0
71,podcast,1,Non-Social,20.0,15.0
71,podcast,2,Non-Social,60.0,30.0
71,podcast,3,Non-Social,60.0,55.0
71,podcast,4,Non-Social,90.0,75.0
71,podcast,5,Non-Social,120.0,105.0
72,podcast,1,Non-Social,30.0,15.0
72,podcast,2,Non-Social,45.0,30.0
72,podcast,3,Non-Social,60.0,55.0
72,podcast,4,Non-Social,90.0,75.0
72,podcast,5,Non-Social,120.0,105.0
73,podcast,1,Non-Social,45.0,15.0
73,podcast,2,Non-Social,45.0,30.0
73,podcast,3,Non-Social,60.0,55.0
73,podcast,4,Non-Social,90.0,75.0
73,podcast,5,Non-Social,120.0,105.0
74,podcast,1,Non-Social,45.0,15.0
74,podcast,2,Non-Social,45.0,30.0
74,podcast,3,Non-Social,75.0,55.0
74,podcast,4,Non-Social,90.0,75.0
74,podcast,5,Non-Social,120.0,105.0
75,podcast,1,Non-Social,15.0,15.0
75,podcast,2,Non-Social,30.0,30.0
75,podcast,3,Non-Social,55.0,55.0
75,podcast,4,Non-Social,75.0,75.0
75,podcast,5,Non-Social,105.0,105.0
76,podcast,1,Non-Social,30.0,15.0
76,podcast,2,Non-Social,45.0,30.0
76,podcast,3,Non-Social,60.0,55.0
76,podcast,4,Non-Social,120.0,75.0
76,podcast,5,Non-Social,120.0,105.0
77,podcast,1,Non-Social,30.0,15.0
77,podcast,2,Non-Social,60.0,30.0
77,podcast,3,Non-Social,120.0,55.0
77,podcast,4,Non-Social,122.0,75.0
77,podcast,5,Non-Social,160.0,105.0
78,podcast,1,Non-Social,20.0,15.0
78,podcast,2,Non-Social,45.0,30.0
78,podcast,3,Non-Social,65.0,55.0
78,podcast,4,Non-Social,90.0,75.0
78,podcast,5,Non-Social,120.0,105.0
79,podcast,1,Non-Social,25.0,15.0
79,podcast,2,Non-Social,60.0,30.0
79,podcast,3,Non-Social,90.0,55.0
79,podcast,4,Non-Social,90.0,75.0
79,podcast,5,Non-Social,120.0,105.0
80,podcast,1,Non-Social,30.0,15.0
80,podcast,2,Non-Social,45.0,30.0
80,podcast,3,Non-Social,80.0,55.0
80,podcast,4,Non-Social,80.0,75.0
80,podcast,5,Non-Social,120.0,105.0
81,podcast,1,Non-Social,60.0,15.0
81,podcast,2,Non-Social,60.0,30.0
81,podcast,3,Non-Social,60.0,55.0
81,podcast,4,Non-Social,90.0,75.0
81,podcast,5,Non-Social,120.0,105.0
82,podcast,1,Non-Social,16.0,15.0
82,podcast,2,Non-Social,90.0,30.0
82,podcast,3,Non-Social,60.0,55.0
82,podcast,4,Non-Social,80.0,75.0
82,podcast,5,Non-Social,120.0,105.0
83,podcast,1,Non-Social,32.0,15.0
83,podcast,2,Non-Social,55.0,30.0
83,podcast,3,Non-Social,90.0,55.0
83,podcast,4,Non-Social,100.0,75.0
83,podcast,5,Non-Social,110.0,105.0
84,podcast,1,Non-Social,45.0,15.0
84,podcast,2,Non-Social,60.0,30.0
84,podcast,3,Non-Social,60.0,55.0
84,podcast,4,Non-Social,90.0,75.0
84,podcast,5,Non-Social,120.0,105.0
85,podcast,1,Non-Social,20.0,15.0
85,podcast,2,Non-Social,45.0,30.0
85,podcast,3,Non-Social,60.0,55.0
85,podcast,4,Non-Social,90.0,75.0
85,podcast,5,Non-Social,120.0,105.0
86,podcast,1,Non-Social,25.0,15.0
86,podcast,2,Non-Social,40.0,30.0
86,podcast,3,Non-Social,70.0,55.0
86,podcast,4,Non-Social,90.0,75.0
86,podcast,5,Non-Social,120.0,105.0
87,podcast,1,Non-Social,30.0,15.0
87,podcast,2,Non-Social,45.0,30.0
87,podcast,3,Non-Social,60.0,55.0
87,podcast,4,Non-Social,120.0,75.0
87,podcast,5,Non-Social,120.0,105.0
88,podcast,1,Non-Social,15.0,15.0
88,podcast,2,Non-Social,30.0,30.0
88,podcast,3,Non-Social,55.0,55.0
88,podcast,4,Non-Social,75.0,75.0
88,podcast,5,Non-Social,105.0,105.0
89,podcast,1,Non-Social,20.0,15.0
89,podcast,2,Non-Social,38.0,30.0
89,podcast,3,Non-Social,68.0,55.0
89,podcast,4,Non-Social,96.0,75.0
89,podcast,5,Non-Social,120.0,105.0
90,podcast,1,Non-Social,30.0,15.0
90,podcast,2,Non-Social,45.0,30.0
90,podcast,3,Non-Social,75.0,55.0
90,podcast,4,Non-Social,90.0,75.0
90,podcast,5,Non-Social,120.0,105.0
91,podcast,1,Non-Social,120.0,15.0
91,podcast,2,Non-Social,60.0,30.0
91,podcast,3,Non-Social,120.0,55.0
91,podcast,4,Non-Social,120.0,75.0
91,podcast,5,Non-Social,120.0,105.0
92,podcast,1,Non-Social,30.0,15.0
92,podcast,2,Non-Social,35.0,30.0
92,podcast,3,Non-Social,80.0,55.0
92,podcast,4,Non-Social,90.0,75.0
92,podcast,5,Non-Social,130.0,105.0
93,podcast,1,Non-Social,30.0,15.0
93,podcast,2,Non-Social,40.0,30.0
93,podcast,3,Non-Social,60.0,55.0
93,podcast,4,Non-Social,90.0,75.0
93,podcast,5,Non-Social,120.0,105.0
94,podcast,1,Non-Social,45.0,15.0
94,podcast,2,Non-Social,60.0,30.0
94,podcast,3,Non-Social,60.0,55.0
94,podcast,4,Non-Social,90.0,75.0
94,podcast,5,Non-Social,130.0,105.0
95,podcast,1,Non-Social,25.0,15.0
95,podcast,2,Non-Social,45.0,30.0
95,podcast,3,Non-Social,120.0,55.0
95,podcast,4,Non-Social,90.0,75.0
95,podcast,5,Non-Social,120.0,105.0
96,podcast,1,Non-Social,30.0,15.0
96,podcast,2,Non-Social,60.0,30.0
96,podcast,3,Non-Social,90.0,55.0
96,podcast,4,Non-Social,90.0,75.0
96,podcast,5,Non-Social,120.0,105.0
97,podcast,1,Non-Social,60.0,15.0
97,podcast,2,Non-Social,90.0,30.0
97,podcast,3,Non-Social,60.0,55.0
97,podcast,4,Non-Social,90.0,75.0
97,podcast,5,Non-Social,120.0,105.0
98,podcast,1,Non-Social,30.0,15.0
98,podcast,2,Non-Social,60.0,30.0
98,podcast,3,Non-Social,120.0,55.0
98,podcast,4,Non-Social,120.0,75.0
98,podcast,5,Non-Social,120.0,105.0
99,podcast,1,Non-Social,40.0,15.0
99,podcast,2,Non-Social,40.0,30.0
99,podcast,3,Non-Social,60.0,55.0
99,podcast,4,Non-Social,80.0,75.0
99,podcast,5,Non-Social,120.0,105.0
100,podcast,1,Non-Social,20.0,15.0
100,podcast,2,Non-Social,45.0,30.0
100,podcast,3,Non-Social,60.0,55.0
100,podcast,4,Non-Social,90.0,75.0
100,podcast,5,Non-Social,120.0,105.0
101,podcast,1,Non-Social,45.0,15.0
101,podcast,2,Non-Social,60.0,30.0
101,podcast,3,Non-Social,120.0,55.0
101,podcast,4,Non-Social,170.0,75.0
101,podcast,5,Non-Social,230.0,105.0
102,podcast,1,Non-Social,120.0,15.0
102,podcast,2,Non-Social,120.0,30.0
102,podcast,3,Non-Social,120.0,55.0
102,podcast,4,Non-Social,120.0,75.0
102,podcast,5,Non-Social,120.0,105.0
103,podcast,1,Non-Social,30.0,15.0
103,podcast,2,Non-Social,30.0,30.0
103,podcast,3,Non-Social,60.0,55.0
103,podcast,4,Non-Social,80.0,75.0
103,podcast,5,Non-Social,110.0,105.0
104,podcast,1,Non-Social,30.0,15.0
104,podcast,2,Non-Social,60.0,30.0
104,podcast,3,Non-Social,60.0,55.0
104,podcast,4,Non-Social,115.0,75.0
104,podcast,5,Non-Social,120.0,105.0
105,podcast,1,Non-Social,45.0,15.0
105,podcast,2,Non-Social,45.0,30.0
105,podcast,3,Non-Social,90.0,55.0
105,podcast,4,Non-Social,120.0,75.0
105,podcast,5,Non-Social,120.0,105.0
106,podcast,1,Non-Social,20.0,15.0
106,podcast,2,Non-Social,60.0,30.0
106,podcast,3,Non-Social,60.0,55.0
106,podcast,4,Non-Social,90.0,75.0
106,podcast,5,Non-Social,105.0,105.0
107,podcast,1,Non-Social,45.0,15.0
107,podcast,2,Non-Social,45.0,30.0
107,podcast,3,Non-Social,60.0,55.0
107,podcast,4,Non-Social,90.0,75.0
107,podcast,5,Non-Social,120.0,105.0
108,podcast,1,Non-Social,45.0,15.0
108,podcast,2,Non-Social,30.0,30.0
108,podcast,3,Non-Social,56.0,55.0
108,podcast,4,Non-Social,76.0,75.0
108,podcast,5,Non-Social,120.0,105.0
109,podcast,1,Non-Social,45.0,15.0
109,podcast,2,Non-Social,60.0,30.0
109,podcast,3,Non-Social,65.0,55.0
109,podcast,4,Non-Social,75.0,75.0
109,podcast,5,Non-Social,120.0,105.0
110,podcast,1,Non-Social,45.0,15.0
110,podcast,2,Non-Social,45.0,30.0
110,podcast,3,Non-Social,60.0,55.0
110,podcast,4,Non-Social,90.0,75.0
110,podcast,5,Non-Social,120.0,105.0
111,podcast,1,Non-Social,75.0,15.0
111,podcast,2,Non-Social,75.0,30.0
111,podcast,3,Non-Social,75.0,55.0
111,podcast,4,Non-Social,90.0,75.0
111,podcast,5,Non-Social,120.0,105.0
112,podcast,1,Non-Social,60.0,15.0
112,podcast,2,Non-Social,60.0,30.0
112,podcast,3,Non-Social,60.0,55.0
112,podcast,4,Non-Social,90.0,75.0
112,podcast,5,Non-Social,120.0,105.0
113,podcast,1,Non-Social,180.0,15.0
113,podcast,2,Non-Social,180.0,30.0
113,podcast,3,Non-Social,180.0,55.0
113,podcast,4,Non-Social,180.0,75.0
113,podcast,5,Non-Social,180.0,105.0
114,podcast,1,Non-Social,60.0,15.0
114,podcast,2,Non-Social,45.0,30.0
114,podcast,3,Non-Social,60.0,55.0
114,podcast,4,Non-Social,80.0,75.0
114,podcast,5,Non-Social,115.0,105.0
115,podcast,1,Non-Social,30.0,15.0
115,podcast,2,Non-Social,60.0,30.0
115,podcast,3,Non-Social,60.0,55.0
115,podcast,4,Non-Social,90.0,75.0
115,podcast,5,Non-Social,110.0,105.0
116,podcast,1,Non-Social,45.0,15.0
116,podcast,2,Non-Social,45.0,30.0
116,podcast,3,Non-Social,60.0,55.0
116,podcast,4,Non-Social,80.0,75.0
116,podcast,5,Non-Social,120.0,105.0
117,podcast,1,Non-Social,60.0,15.0
117,podcast,2,Non-Social,60.0,30.0
117,podcast,3,Non-Social,70.0,55.0
117,podcast,4,Non-Social,90.0,75.0
117,podcast,5,Non-Social,120.0,105.0
118,podcast,1,Non-Social,30.0,15.0
118,podcast,2,Non-Social,35.0,30.0
118,podcast,3,Non-Social,60.0,55.0
118,podcast,4,Non-Social,80.0,75.0
118,podcast,5,Non-Social,120.0,105.0
119,podcast,1,Non-Social,30.0,15.0
119,podcast,2,Non-Social,60.0,30.0
119,podcast,3,Non-Social,90.0,55.0
119,podcast,4,Non-Social,120.0,75.0
119,podcast,5,Non-Social,120.0,105.0
120,podcast,1,Non-Social,30.0,15.0
120,podcast,2,Non-Social,60.0,30.0
120,podcast,3,Non-Social,60.0,55.0
120,podcast,4,Non-Social,90.0,75.0
120,podcast,5,Non-Social,120.0,105.0
121,podcast,1,Non-Social,15.0,15.0
121,podcast,2,Non-Social,30.0,30.0
121,podcast,3,Non-Social,55.0,55.0
121,podcast,4,Non-Social,75.0,75.0
121,podcast,5,Non-Social,120.0,105.0
122,podcast,1,Non-Social,60.0,15.0
122,podcast,2,Non-Social,30.0,30.0
122,podcast,3,Non-Social,60.0,55.0
122,podcast,4,Non-Social,120.0,75.0
122,podcast,5,Non-Social,120.0,105.0
123,podcast,1,Non-Social,45.0,15.0
123,podcast,2,Non-Social,60.0,30.0
123,podcast,3,Non-Social,90.0,55.0
123,podcast,4,Non-Social,120.0,75.0
123,podcast,5,Non-Social,150.0,105.0
124,podcast,1,Non-Social,45.0,15.0
124,podcast,2,Non-Social,45.0,30.0
124,podcast,3,Non-Social,70.0,55.0
124,podcast,4,Non-Social,120.0,75.0
124,podcast,5,Non-Social,120.0,105.0
125,podcast,1,Non-Social,40.0,15.0
125,podcast,2,Non-Social,45.0,30.0
125,podcast,3,Non-Social,70.0,55.0
125,podcast,4,Non-Social,90.0,75.0
125,podcast,5,Non-Social,120.0,105.0
126,podcast,1,Non-Social,25.0,15.0
126,podcast,2,Non-Social,60.0,30.0
126,podcast,3,Non-Social,120.0,55.0
126,podcast,4,Non-Social,120.0,75.0
126,podcast,5,Non-Social,160.0,105.0
127,podcast,1,Non-Social,40.0,15.0
127,podcast,2,Non-Social,45.0,30.0
127,podcast,3,Non-Social,90.0,55.0
127,podcast,4,Non-Social,90.0,75.0
127,podcast,5,Non-Social,120.0,105.0
128,podcast,1,Non-Social,30.0,15.0
128,podcast,2,Non-Social,60.0,30.0
128,podcast,3,Non-Social,90.0,55.0
128,podcast,4,Non-Social,120.0,75.0
128,podcast,5,Non-Social,120.0,105.0
129,podcast,1,Non-Social,60.0,15.0
129,podcast,2,Non-Social,60.0,30.0
129,podcast,3,Non-Social,60.0,55.0
129,podcast,4,Non-Social,120.0,75.0
129,podcast,5,Non-Social,120.0,105.0
130,podcast,1,Non-Social,20.0,15.0
130,podcast,2,Non-Social,90.0,30.0
130,podcast,3,Non-Social,65.0,55.0
130,podcast,4,Non-Social,75.0,75.0
130,podcast,5,Non-Social,105.0,105.0
131,podcast,1,Non-Social,50.0,15.0
131,podcast,2,Non-Social,60.0,30.0
131,podcast,3,Non-Social,60.0,55.0
131,podcast,4,Non-Social,120.0,75.0
131,podcast,5,Non-Social,150.0,105.0
132,podcast,1,Non-Social,22.0,15.0
132,podcast,2,Non-Social,45.0,30.0
132,podcast,3,Non-Social,107.0,55.0
132,podcast,4,Non-Social,123.0,75.0
132,podcast,5,Non-Social,130.0,105.0
133,podcast,1,Non-Social,50.0,15.0
133,podcast,2,Non-Social,50.0,30.0
133,podcast,3,Non-Social,70.0,55.0
133,podcast,4,Non-Social,85.0,75.0
133,podcast,5,Non-Social,110.0,105.0
134,podcast,1,Non-Social,30.0,15.0
134,podcast,2,Non-Social,60.0,30.0
134,podcast,3,Non-Social,70.0,55.0
134,podcast,4,Non-Social,90.0,75.0
134,podcast,5,Non-Social,120.0,105.0
135,podcast,1,Non-Social,60.0,15.0
135,podcast,2,Non-Social,60.0,30.0
135,podcast,3,Non-Social,60.0,55.0
135,podcast,4,Non-Social,90.0,75.0
135,podcast,5,Non-Social,150.0,105.0
136,podcast,1,Non-Social,150.0,15.0
136,podcast,2,Non-Social,155.0,30.0
136,podcast,3,Non-Social,150.0,55.0
136,podcast,4,Non-Social,150.0,75.0
136,podcast,5,Non-Social,150.0,105.0
137,podcast,1,Non-Social,45.0,15.0
137,podcast,2,Non-Social,47.0,30.0
137,podcast,3,Non-Social,60.0,55.0
137,podcast,4,Non-Social,75.0,75.0
137,podcast,5,Non-Social,110.0,105.0
138,podcast,1,Non-Social,30.0,15.0
138,podcast,2,Non-Social,45.0,30.0
138,podcast,3,Non-Social,60.0,55.0
138,podcast,4,Non-Social,80.0,75.0
138,podcast,5,Non-Social,120.0,105.0
139,podcast,1,Non-Social,30.0,15.0
139,podcast,2,Non-Social,45.0,30.0
139,podcast,3,Non-Social,65.0,55.0
139,podcast,4,Non-Social,90.0,75.0
139,podcast,5,Non-Social,125.0,105.0
140,podcast,1,Non-Social,18.0,15.0
140,podcast,2,Non-Social,44.0,30.0
140,podcast,3,Non-Social,60.0,55.0
140,podcast,4,Non-Social,88.0,75.0
140,podcast,5,Non-Social,120.0,105.0
141,podcast,1,Non-Social,45.0,15.0
141,podcast,2,Non-Social,45.0,30.0
141,podcast,3,Non-Social,120.0,55.0
141,podcast,4,Non-Social,120.0,75.0
141,podcast,5,Non-Social,120.0,105.0
142,podcast,1,Non-Social,30.0,15.0
142,podcast,2,Non-Social,45.0,30.0
142,podcast,3,Non-Social,60.0,55.0
142,podcast,4,Non-Social,100.0,75.0
142,podcast,5,Non-Social,120.0,105.0
143,podcast,1,Non-Social,30.0,15.0
143,podcast,2,Non-Social,60.0,30.0
143,podcast,3,Non-Social,60.0,55.0
143,podcast,4,Non-Social,120.0,75.0
143,podcast,5,Non-Social,120.0,105.0
144,podcast,1,Non-Social,35.0,15.0
144,podcast,2,Non-Social,45.0,30.0
144,podcast,3,Non-Social,90.0,55.0
144,podcast,4,Non-Social,120.0,75.0
144,podcast,5,Non-Social,120.0,105.0
145,podcast,1,Non-Social,60.0,15.0
145,podcast,2,Non-Social,75.0,30.0
145,podcast,3,Non-Social,55.0,55.0
145,podcast,4,Non-Social,75.0,75.0
145,podcast,5,Non-Social,105.0,105.0
146,podcast,1,Non-Social,60.0,15.0
146,podcast,2,Non-Social,60.0,30.0
146,podcast,3,Non-Social,120.0,55.0
146,podcast,4,Non-Social,120.0,75.0
146,podcast,5,Non-Social,120.0,105.0
147,podcast,1,Non-Social,30.0,15.0
147,podcast,2,Non-Social,60.0,30.0
147,podcast,3,Non-Social,60.0,55.0
147,podcast,4,Non-Social,90.0,75.0
147,podcast,5,Non-Social,120.0,105.0
148,podcast,1,Non-Social,30.0,15.0
148,podcast,2,Non-Social,45.0,30.0
148,podcast,3,Non-Social,60.0,55.0
148,podcast,4,Non-Social,90.0,75.0
148,podcast,5,Non-Social,120.0,105.0
149,podcast,1,Non-Social,45.0,15.0
149,podcast,2,Non-Social,45.0,30.0
149,podcast,3,Non-Social,70.0,55.0
149,podcast,4,Non-Social,80.0,75.0
149,podcast,5,Non-Social,115.0,105.0
