"session","created","modified","ended","expired","pPROLIFIC_PID","pSTUDY_ID","pSESSION_ID","cakeL1Response","cakeL2Response","cakeL3Response","cakeL4Response","cakeL5Response","movieL1Response","movieL2Response","movieL3Response","movieL4Response","movieL5Response","podcastL1Response","podcastL2Response","podcastL3Response","podcastL4Response","podcastL5Response","attentionCheck"
"YWmoiRuS-MUJ6MuQ3RIvHsCv4oOxcmBqPJvZFdQnxcf3_QMez5liLR-S2DE50tW8","2022-01-15 23:41:25","2022-01-15 23:46:29","2022-01-15 23:46:29","","5fff94daf31eb5113dbc6f00","61e19414185ab41992e2afa7","61e34d93f09539c9ed4216a0","10","25","40","60","80","35","50","68","90","101","15","33","55","77","110","4"
"LymUH8RHpQ7BwPjioc4oP9XbmKfCNlZ4lguKnA6ISWnW8gEoShse4uXacDH5_ncy","2022-01-15 23:41:34","2022-01-15 23:43:39","2022-01-15 23:43:39","","6108695d1e19337bcd1fb417","61e19414185ab41992e2afa7","61e34d99ed1d19b6eddb629c","20","20","50","50","80","94","94","94","94","124","60","60","60","90","120","4"
"xp3heXqNDYVYI_B2sjzSGm54RfrQcX0AMdH2Zx3mQhLD9X9yPioBe-udzLCM1wou","2022-01-15 23:41:38","2022-01-15 23:44:32","2022-01-15 23:44:32","","6050e0236d725096c9ae2131","61e19414185ab41992e2afa7","61e34d9c7103b915ff2c1acb","40","40","40","60","90","138","138","138","138","138","20","40","60","90","120","4"
"lKa_oyFnv84BQLHm5rrBofXG_gp993wd3RPEWG784IU4vb7d_UeQ6eYxV7wWMUf0","2022-01-15 23:41:38","2022-01-15 23:46:02","2022-01-15 23:46:02","","60debbeba4e9cbc6e89d0aa5","61e19414185ab41992e2afa7","61e34d9e309fefcb336962ed","20","20","40","50","70","90","90","100","90","110","40","40","55","80","120","4"
"_UsALR8K1Dl9KcV6pPUovG4XZkCN8hpePSwI-QDG2_eXWOqKCxJqm1NjjLJHM6w2","2022-01-15 23:49:34","2022-01-15 23:51:19","2022-01-15 23:51:19","","5ca7ca2ea5568f0015f74ecc","61e19414185ab41992e2afa7","61e34da231d8b7646d03afda","30","30","35","51","80","90","90","90","90","120","15","30","120","150","200","4"
"nQVDcZHI_9q3nNs8Vn1jGbsdxK_uwWDpD4IQwuwIAbn2iAJLw7_RgFDlRi0QlNLe","2022-01-15 23:54:36","2022-01-15 23:58:04","2022-01-15 23:58:04","","613615da1eacf6204ce33479","61e19414185ab41992e2afa7","61e350aa4b440badd4469f88","40","40","40","60","100","120","120","120","120","120","100","100","120","120","120","4"
"VWJG-eK-VO-QZqoJY6kCKyatlpBMwK80IAJVkQq3SKVs6IqoY-xFZIYsH91oouh0","2022-01-15 23:54:36","2022-01-15 23:59:53","2022-01-15 23:59:53","","602d072524ce4c64a9ac1be3","61e19414185ab41992e2afa7","61e350aa44795cda556857ca","10","20","35","50","120","45","55","65","120","140","15","45","80","90","120","4"
"PVOVZ6Usnh1EdyFn32D9ia3CG63dsTLyDY71TjxppQ2U1tlLstNbznzIdJ08zNY7","2022-01-15 23:54:40","2022-01-16 00:01:55","2022-01-16 00:01:55","","5fe671a12474704bb00d5615","61e19414185ab41992e2afa7","61e350abf68226d5d3dc0d21","25","21","35","50","70","125","130","93","180","155","15","75","56","75","132","4"
"u0abkYLvSzXkMQRXeySCCOWi5WfeQlMcwIkShGT-iReeCktcY2nAJnbYyjm7LmHp","2022-01-15 23:54:40","2022-01-16 00:03:37","2022-01-16 00:03:37","","601ffb441dc6d959b855eea5","61e19414185ab41992e2afa7","61e350ac56351fe70bd0cfa5","30","30","40","90","80","40","50","65","90","100","20","40","60","80","110","4"
"yVsiezOZYb8DKhArBvMs_ILMCXPEDeACFqhJrSuKNDFdMdGA7uMl9mkDZ2qjp1zd","2022-01-15 23:54:41","2022-01-16 00:00:41","2022-01-16 00:00:41","","5f18a80367ef6b0bbc5f3720","61e19414185ab41992e2afa7","61e350adc41e51a62eb56093","30","30","45","60","120","64","70","90","95","115","30","35","75","90","120","4"
"ko1FbzKM5SHziJUDWhWYxcbZ0cHnFCikpkE_eTTfKoStAXCC2MwqnQ9vPf0UiBgo","2022-01-15 23:54:41","2022-01-15 23:57:00","","","5f591c6d75be841230aa6ced","61e19414185ab41992e2afa7","61e350aed6013a8cb9be50c6","","","","","","90","","","","","","","","","",""
"fJeMlyicjfdd_qZ7NaVfMFnUgWRWwSlMyVssHcSJWOkjnONr4DvqFzhpgrw7eRw_","2022-01-15 23:54:42","2022-01-15 23:57:13","2022-01-15 23:57:13","","5d7c7425c0d7db00187b1199","61e19414185ab41992e2afa7","61e350ad94b3cf54fd1ba5cd","20","30","40","50","70","90","90","90","90","120","30","45","60","90","120","4"
"UFihBcNHuVtXkxwQbDKhQ9QIVRjJhaywUTjaRIc7zGuZDQY5Ej5FPfhzqwj8nH6X","2022-01-15 23:54:42","2022-01-15 23:59:28","2022-01-15 23:59:28","","6106c4b160ebeb7a5bd5db0e","61e19414185ab41992e2afa7","61e350af8b34bca309156722","25","25","35","50","70","110","110","110","110","110","60","110","120","100","115","4"
"z21PERI2V-KQnqod-4jV0S0ZraLPuoiJmDZCYXrOVggvctfFwXx8PcjD9GfOCiDS","2022-01-15 23:54:42","2022-01-15 23:59:54","2022-01-15 23:59:54","","5ef87d791fe8265d79e8eb65","61e19414185ab41992e2afa7","61e350b0ec462b334d6c3bf7","10","20","40","60","80","120","120","120","120","120","15","30","60","120","120","4"
"C6c1BfzSfXMV9M78KRgNWHegmOb3rg-8wrxg04ITTQ9Zpxo3XqaKftvwwyQrfRQ_","2022-01-15 23:54:43","2022-01-16 00:00:14","2022-01-16 00:00:14","","5f6cbceb1758e90a22144647","61e19414185ab41992e2afa7","61e350b05f46543e9d012630","45","35","50","80","90","90","100","120","120","150","25","45","70","85","130","4"
"ABLBU-k1cEN1KsQqOIkrb4KBtWmHcOvfuBF-2thvpcFCc-5j2K5KevPRWFV1mUCA","2022-01-15 23:54:43","2022-01-16 00:19:02","2022-01-16 00:19:02","","5c465bc735e0cd0001dddc5b","61e19414185ab41992e2afa7","61e350b0153e9d9d69cba3d1","30","40","60","70","100","120","120","120","120","120","90","90","90","120","150","4"
"vcQ3BaEltc_RiLyGcCxKJkiQuu9AapJwP22JWHG5H6CubIqKAlbS7tDErerdz-4H","2022-01-15 23:54:43","2022-01-15 23:58:23","2022-01-15 23:58:23","","60814ca10e453404aed130ea","61e19414185ab41992e2afa7","61e350b0e66a7b71d2c0809c","30","30","40","60","90","90","90","90","90","120","40","40","60","90","110","4"
"j_4qXiTM6WD7aKstWxjgORALPmky-tjypcahmQHM2LaG8W3D6g6pm8afMyeP4ZdJ","2022-01-15 23:54:43","2022-01-15 23:59:13","2022-01-15 23:59:13","","60b01347f6fc32960811a1d0","61e19414185ab41992e2afa7","61e350b188da8a4c34aa11be","50","50","50","50","80","90","90","90","90","120","60","60","60","80","120","4"
"0oHyAyl8PmzeG-i89bcGSXHKQ8wNgjG00BqcDN7mskdkMc8feY54tKj8tx2tgqQS","2022-01-15 23:54:43","2022-01-15 23:59:47","2022-01-15 23:59:47","","60935d2144657b0d32bd3839","61e19414185ab41992e2afa7","61e350b0c91ebadfa37e95e8","45","40","40","60","120","90","90","90","90","110","70","80","80","80","110","4"
"GVxKAQhrugDIfJJGQclXPsR9_W8d-sPmai3yJd1jPMhkftv6xeigILUElS4Q0jB0","2022-01-15 23:54:43","2022-01-15 23:59:24","2022-01-15 23:59:24","","5fddbd1d3986cc447456edb7","61e19414185ab41992e2afa7","61e350ae0195c62f799d7bb1","45","45","45","60","75","120","120","120","120","120","90","90","90","90","120","4"
"x7MWfAycrJNRjp2jw6x6zRXIMHmb4r1qsawBdXQyoC0GPvMtLt2V1WjOQ-ReDNVM","2022-01-15 23:54:44","2022-01-15 23:57:32","2022-01-15 23:57:32","","6075cf9b059725b365f85e34","61e19414185ab41992e2afa7","61e350b2bf5d595bf7f7f67b","20","30","60","60","120","120","120","120","180","180","60","60","55","180","120","4"
"5j_gSDmDKPH-WzzyuFRxHtm-JsTP1XhhZ3J8kNZF3fK4BMNsYZTtXS0e05PB_D0i","2022-01-15 23:54:44","2022-01-15 23:56:01","","","61056f73c6f39308dccc8e2f","61e19414185ab41992e2afa7","61e350b24edfd5fffbec0ad7","10","25","40","","","","","","","","","","","","",""
"EJWhZ42tLvUuPuveXJ_OxDlxoMifIojq0UsqECPzgT8hpQgSHUB3V7k_yhh47tUp","2022-01-15 23:54:45","2022-01-15 23:59:45","2022-01-15 23:59:45","","612e780e6c97ea0e89274e66","61e19414185ab41992e2afa7","61e350b294832861c3e2bb59","30","40","55","70","90","110","115","120","130","120","20","30","60","90","120","4"
"husIiEi1vu_8iSLhGI3JLpUUF2Y3ui9pNhBzpa5A9wF4_gm5oBmlSN8HV2YeKFcd","2022-01-15 23:54:46","2022-01-15 23:57:01","2022-01-15 23:57:01","","5e3182adf6bb2315a48da619","61e19414185ab41992e2afa7","61e350b3547e484ed8c5c671","15","25","40","60","90","30","45","60","100","130","25","50","70","90","130","4"
"vSeffQ1VmRBa_FeTOOiG3iUKxU8_FIwHMB5YYeQPjiEU9jRaksEb841Rk7_srLGh","2022-01-15 23:54:49","2022-01-15 23:59:49","2022-01-15 23:59:49","","6039501598921e460a6b35f9","61e19414185ab41992e2afa7","61e350b747092827e478b6b9","60","60","60","60","90","120","120","120","120","120","45","45","65","90","120","4"
"NzjjJ51dMjQLOymXw_YC3NtDRHV2CTjdNIuHC8SuSCLYXOUafsBIWRzP507K5rXk","2022-01-15 23:54:49","2022-01-15 23:59:44","2022-01-15 23:59:44","","60d101464180f5f5cd211e77","61e19414185ab41992e2afa7","61e350b5ddd0f6d2376d1a38","20","25","40","55","75","60","70","70","100","140","40","40","66","88","110","4"
"R77ZXm6ycHIKUkV5Mrs0ht7goTh-uIifxCtCJXYvLv2iRdcXd_P_rhq4HuTZkSNK","2022-01-15 23:54:49","2022-01-15 23:59:53","2022-01-15 23:59:53","","617052b1e02e9ecb77740e85","61e19414185ab41992e2afa7","61e350b7c91ebadfa37e95ea","40","40","40","60","80","120","120","120","120","120","45","45","60","90","120","4"
"2PH1JNEjhpdTgcfk5lA9h6B4-Nt3Ue0b2Ez8tVPdAFhF22LX0sj1dhBLa4U1T6by","2022-01-15 23:54:50","2022-01-15 23:57:22","2022-01-15 23:57:22","","61702fe13b13c83837bafb45","61e19414185ab41992e2afa7","61e350b4c41e51a62eb56094","45","45","45","50","70","120","120","120","120","120","30","30","60","90","120","4"
"M5Q46ELdBBWcR8urg5tGOhs9y9-aBQaJtU1s6-S9ZDjn1h6ZwDFMqS30dw1a7JKe","2022-01-15 23:54:50","2022-01-15 23:57:58","2022-01-15 23:57:58","","610780370efcda0962649fb8","61e19414185ab41992e2afa7","61e350aedf3a2fba1bd6fd5b","25","25","35","50","70","90","90","90","90","110","30","60","55","75","105","4"
"JhIhABK3F_JNx-GJoPBOC2--WtZrd1rSxcBnmH_oZApYVEAOtAI4bpzfQj8d5lx_","2022-01-15 23:54:50","2022-01-16 00:00:00","2022-01-16 00:00:00","","5f0dfc73c4ea870f4a3180ad","61e19414185ab41992e2afa7","61e350b858ba7b749eeecbf6","40","40","45","60","80","85","90","90","110","120","20","40","80","90","120","4"
"wxiUgcr-BmBgVTc865fMY2Cxoia-mwQtYWpA873iwMH3IZbqbgwCr4jhsmDsD2-3","2022-01-15 23:54:50","2022-01-15 23:59:32","2022-01-15 23:59:32","","612e857b07888f7bd6e85a15","61e19414185ab41992e2afa7","61e350b7106d6d737b882c1b","15","25","40","50","72","33","45","60","90","121","16","32","56","78","110","4"
"NE9r4HLZOpmfQm_6RobPdrue354jQpKKDCmQmvcFrFlHhH4w4xs09pt_xlGC0qMJ","2022-01-15 23:54:51","2022-01-15 23:57:35","2022-01-15 23:57:35","","5fa27915a7a32b44f3b2f44a","61e19414185ab41992e2afa7","61e350b999c107c5c1996e5f","30","30","40","60","80","180","180","180","180","180","80","80","80","80","120","4"
"VEngju75br9mD9E3mIgtm-6YI6FwWwgAMEVTEWvUz1k8zb8A-YYHpU7nwwa_4iP9","2022-01-15 23:54:51","2022-01-15 23:58:40","2022-01-15 23:58:40","","5f2940e8f763a631a18f7f12","61e19414185ab41992e2afa7","61e350b6c0765be40426df68","40","20","45","50","75","130","130","130","130","130","50","50","70","90","120","4"
"73BHwmbruU5Ty7PqRyY3dfO_4jpZ9nbLJf5xQvV37Ah3sfu1roCijI4JMSc2FatK","2022-01-15 23:54:51","2022-01-15 23:59:25","2022-01-15 23:59:25","","60fb856e130fa3059ef8c16c","61e19414185ab41992e2afa7","61e350b3311e82ef74912b1a","20","25","40","60","90","100","100","120","120","140","25","40","60","90","120","4"
"wZWzoGH11ZtEsPWx3YtKgCSfoBzY_zsVfToDn_Q126JcLPMZk_aMw0XgiFp1Ci0r","2022-01-15 23:54:51","2022-01-15 23:59:27","2022-01-15 23:59:27","","5f8d7ad4cec12806fc99bde4","61e19414185ab41992e2afa7","61e350b78bd6e2acb44b16b1","15","25","35","50","70","90","90","90","90","110","40","60","120","150","210","4"
"NUEcvgkv6vIeUSyVhedN79j4cCWWN9EGutCAEU6F4boDprjlayawyGGyqP4hduX3","2022-01-15 23:54:51","2022-01-15 23:59:01","2022-01-15 23:59:01","","5b9a7335b3790c0001547cee","61e19414185ab41992e2afa7","61e350b7c4b0e4b55f9f4feb","40","40","40","60","75","120","120","120","120","120","35","35","65","80","120","4"
"HEM0OkqGX7bsYDlSete8ZYGjWcq6BOGjNqho5csKNZncm2gsQ9jakwbSHGkyHFmU","2022-01-15 23:54:53","2022-01-15 23:59:52","2022-01-15 23:59:52","","6107da4edfab59084c45652f","61e19414185ab41992e2afa7","61e350bb1343fdc4cd4981d2","20","30","40","60","80","120","120","120","120","120","30","60","70","90","120","4"
"Zqrx0bWHx_LkS81itaC1qJ8pvC90CA58VAZLzBvbCFwlq2YzkWbLVQ1GQWa7AM4B","2022-01-15 23:54:54","2022-01-15 23:59:11","2022-01-15 23:59:11","","5bd764370aac450001f94690","61e19414185ab41992e2afa7","61e350b7241597d22151efde","10","20","35","50","70","120","120","120","120","120","60","60","60","90","120","4"
"toeP-dxlb6lOYm9gPOLGcT7sZzhpGIHeGWq-VQqhHX4qKF--SEjJPxk5v8R5ke4b","2022-01-15 23:54:54","2022-01-15 23:59:41","2022-01-15 23:59:41","","5c60c298af517e0001a00b00","61e19414185ab41992e2afa7","61e350bbd54cfb91987271ec","30","30","45","60","100","90","90","90","90","120","45","45","150","105","150","4"
"hC2OnC27U5IXA3yti7k9lMBdbUD4ICHK5dNys6dqXwS7Rte4uzVwKGzlpwyDlqgH","2022-01-15 23:54:54","2022-01-16 00:00:25","2022-01-16 00:00:25","","5e739143d4934a023004b7fc","61e19414185ab41992e2afa7","61e350bb73ffc43bb5ca5147","25","25","45","60","90","90","90","90","90","120","60","60","90","90","130","4"
"I4sJObLgPD1ODA4eRzAmjo90ioayvmHRj3U5UvMG9JLp2CtM3rEwJbWSGfJt_Ae3","2022-01-15 23:54:56","2022-01-15 23:58:22","2022-01-15 23:58:22","","5f920c67315aca1251c58b13","61e19414185ab41992e2afa7","61e350bc241597d22151efdf","10","30","45","60","80","35","52","68","95","110","30","45","70","85","120","4"
"cXmvn06htUJ2G0FXsjgsqmt86ChNGLpJam1KyLrTguSKhxnL7UGXry-7AAxXgZiM","2022-01-15 23:54:57","2022-01-16 00:00:08","2022-01-16 00:00:08","","5ebc4ad2306af20607134ce6","61e19414185ab41992e2afa7","61e350bc9fb97fa71938045e","40","40","40","60","80","120","120","120","120","120","45","45","70","90","120","4"
"-NwVKp6b2J6YHYOW0LwvlHUBKEmoPmqX1jiB71ZLBs5qjxPigVBRjuewinNYpQ7F","2022-01-15 23:54:57","2022-01-16 00:00:08","2022-01-16 00:00:08","","5ab0b347e1546900019b16aa","61e19414185ab41992e2afa7","61e350bd818f7d08a775d87d","50","50","50","60","90","120","120","120","120","120","30","45","60","90","125","4"
"Tw0LAK8Fg9U4gb93WwRJdrPm145G-qbF-2BT0Vky6KF4MDbRvczE4sb1zzjf4in9","2022-01-15 23:54:58","2022-01-16 00:00:23","2022-01-16 00:00:23","","589295bdd8cdf10001d885b2","61e19414185ab41992e2afa7","61e350bb5f46543e9d012634","50","50","50","50","80","90","90","90","90","110","25","45","80","80","125","4"
"wOhhCDVbLwhKFEMhFSOQFHDXKwapjiIb3eCiV9TgpWpG2iUQxfdDlx9OlFgzy71f","2022-01-15 23:54:58","2022-01-16 00:00:42","2022-01-16 00:00:42","","60d20236448971833317b4a9","61e19414185ab41992e2afa7","61e350bef0683ab00ebcc03a","30","30","60","60","90","120","120","120","130","130","240","240","240","240","240","4"
"iW9Dath-qB4TqgNUFLTn_h8s-iPA9HyuAlCr7eqhhUL81N-Pv46ZbnoUiXkd1P2K","2022-01-15 23:54:58","2022-01-16 00:26:58","2022-01-16 00:26:58","","60eee201a7ffc5b0e034e73e","61e19414185ab41992e2afa7","61e350bfec13c082784d97bf","25","25","40","60","75","90","90","90","90","130","30","60","60","90","110","4"
"Sgb61_AFsdkS5tU0ZAI-VgQxzhdKrXKRq4NL1iGShsEsZoItLQyaoGgK-rcFcmAp","2022-01-15 23:54:58","2022-01-15 23:59:11","2022-01-15 23:59:11","","5c37cfa819ceb400010c0979","61e19414185ab41992e2afa7","61e350be383ac5a8aa034247","10","25","40","60","80","32","50","65","90","120","25","45","60","120","120","4"
"ZwzYLOFjT7jkMZ8-WZrhYgZfGSRknre1MbHtT1Vd1aVzZFqs60i5iaEpaZ2fnFIF","2022-01-15 23:54:59","2022-01-15 23:59:04","2022-01-15 23:59:04","","5e66c226df642c0a74ef7b68","61e19414185ab41992e2afa7","61e350bbdbb888cdb4953ad2","20","30","40","50","90","120","120","120","120","120","90","60","60","90","120","4"
"wD7bF2Yl4CN42Wv-lwfpIK3oJOdcrqLSb9XbNogflIyHud8CIj8S36JmPlE7offM","2022-01-15 23:54:59","2022-01-15 23:59:11","2022-01-15 23:59:11","","61377e491956e87654c9fd95","61e19414185ab41992e2afa7","61e350bfc4ca3b79487e6df1","15","20","40","60","80","30","50","60","85","120","60","60","90","120","120","4"
"D1FG2GGaJRM24CZ4-duzT44NuPnJ6PiWGwQtFZJRc6NwCbuY6f7D2_hACHSDJyBc","2022-01-15 23:54:59","2022-01-16 00:01:03","2022-01-16 00:01:03","","5e8f838c20456a27c2a5837d","61e19414185ab41992e2afa7","61e350be8bd6e2acb44b16b3","70","70","80","100","100","90","100","120","140","150","30","50","60","90","120","4"
"tyf8PhRdTmtw4Qk4AAvhWD5bFmiImqkJr8sJDQ5eKEGxvckeTfwE6bD6m6m7LviE","2022-01-15 23:54:59","2022-01-15 23:58:01","2022-01-15 23:58:01","","6072e4e6236de7ca7d4bf06e","61e19414185ab41992e2afa7","61e350bd36feedbdac56be72","18","24","38","60","90","120","120","120","120","120","45","45","58","90","120","4"
"GUKmy5n7fIeQbi7kDmU8Om9tgPtjLDaAzOlTilbcnySi8F-lnygnCaXZdxL3Yaz_","2022-01-15 23:54:59","2022-01-16 00:00:02","2022-01-16 00:00:02","","601b4c26e9531b5069920cc9","61e19414185ab41992e2afa7","61e350bf17087fc16134a476","10","21","37","50","72","62","78","93","111","135","15","55","70","90","123","4"
"EOejC-yOOkA0zA4nc9SpHatI3WNdK_t65qw9VzvpimYosCRnpyZbwg3ASSXMXGFZ","2022-01-15 23:55:00","2022-01-16 00:00:02","2022-01-16 00:00:02","","57fe6296035f6e0001d71d05","61e19414185ab41992e2afa7","61e350bface871a166de3bdf","60","60","60","60","75","100","100","100","100","120","60","60","60","90","120","4"
"q9KrtRi_WYbzrIOAo8FO-DrpR4uMFyaf7aoUgXYODMoTY2ipf5bCqr1Z7_MCa2fr","2022-01-15 23:55:00","2022-01-15 23:58:26","2022-01-15 23:58:26","","6040f50574a4b5034ee4e368","61e19414185ab41992e2afa7","61e350c08e19c3e6af09f111","40","40","40","60","90","95","95","95","95","120","35","35","80","80","120","4"
"oqFQY8Ml_ivuFJshPRTJpyX9YQf71-eVt4ZwE1kolUZF3VCAlBhQ0roWi4eNLyFA","2022-01-15 23:55:00","2022-01-15 23:59:52","2022-01-15 23:59:52","","6107a4ebe15d0d70f8cc0c9a","61e19414185ab41992e2afa7","61e350b68b34bca309156723","20","20","40","55","80","90","120","95","120","120","16","30","58","76","107","4"
"cmPRWFe2WBldspF9tv-gFWsQS--vpOvhAPEXctfSA6LMUfdV7Ml5TL4ayhLuwKra","2022-01-15 23:55:01","2022-01-16 00:00:53","2022-01-16 00:00:53","","6000310a80e07e033fb175fa","61e19414185ab41992e2afa7","61e350bfc4b0e4b55f9f4fed","20","25","40","60","80","90","90","80","90","120","20","45","60","80","120","4"
"Y38ZDLNAq8vwOxHl5cmPTV7E1j_WGNvNuok-YxgzHnfzPRfQ4F-N6aYQhjHdQEvS","2022-01-15 23:55:01","2022-01-15 23:57:27","2022-01-15 23:57:27","","5e95ae6180f80219fc918ce1","61e19414185ab41992e2afa7","61e350c0106d6d737b882c1c","10","20","35","50","70","30","45","60","85","100","15","30","55","75","105","4"
"VI1S-YR4WblZ8OUm87htzfkxP6tt8W_pfR7Wn4GGxRPhmOmmM_AJpdzqUm3MTLJl","2022-01-15 23:55:02","2022-01-16 00:00:16","2022-01-16 00:00:16","","6016c8e7ea3f2387ae8b47d5","61e19414185ab41992e2afa7","61e350b6c91ebadfa37e95e9","45","45","45","60","70","90","90","90","100","120","35","40","60","90","120","4"
"yfCY_FGkn1varCYobaaHrWjNUEVt2gS_cUNUfoXbq1to7F6wpWEiGA4lFYvu9kaQ","2022-01-15 23:55:02","2022-01-15 23:58:26","2022-01-15 23:58:26","","60d60bb9ced0566454d42750","61e19414185ab41992e2afa7","61e350c1d67c9d525aeaed9e","20","30","35","50","70","120","120","120","120","120","45","45","60","75","110","4"
"SR9wKI8-UpDnAocrTRwBDkoMhqSs9fjIMLAvS8NY24ES-urvNsn6T8KLfFjx1cik","2022-01-15 23:55:02","2022-01-15 23:58:35","2022-01-15 23:58:35","","601fe39124d634550d8a1d2e","61e19414185ab41992e2afa7","61e350c142de5e8a39453139","30","35","35","60","70","90","90","90","90","120","60","60","60","90","120","4"
"NDz7EZ9GWQuAtoBndTeut7ANLRKxbai6WedB99MTZ1n_6R58Ohc1dJ6yS9-yQZBj","2022-01-15 23:55:03","2022-01-15 23:58:05","2022-01-15 23:58:05","","6081f2ada1056056b09872c1","61e19414185ab41992e2afa7","61e350bd51f5ee1d635bb5cc","30","30","60","60","90","120","120","120","120","120","60","60","90","90","120","4"
"J4UQxMv1TLtQYKUVhl3ms3h6vKT9apb8TfGmN879Aj6lZ8ot1Ky9aqwpMoTczlOV","2022-01-15 23:55:03","2022-01-16 00:03:52","2022-01-16 00:03:52","","5e3df819d96094073a9c939a","61e19414185ab41992e2afa7","61e350c2106d6d737b882c1d","10","20","35","50","70","30","45","60","85","100","15","30","55","75","105","4"
"TCsV4N-nb56mzlXJFCYLx15vmNiFVnx1onsBk4MnN8fw_E5ZaaQ4WEUGziT5b9BS","2022-01-15 23:55:05","2022-01-15 23:58:51","2022-01-15 23:58:51","","5d6092f01d7a3e0001d6a7f6","61e19414185ab41992e2afa7","61e350ae1d9641a6cca5540d","10","30","45","50","70","120","90","120","90","120","45","45","90","90","180","4"
"l4xWQtzSYxsbg7rbGcYQWIucScbm5_9m-uASIzhJXsSnrkSNVFlpdiJgyhqygJm-","2022-01-15 23:55:05","2022-01-16 00:00:56","2022-01-16 00:00:56","","60bd013b6f4b59f3280a0ff8","61e19414185ab41992e2afa7","61e350c35772f853e7e342ec","25","25","40","60","85","85","86","85","120","120","30","60","60","120","120","4"
"RdtgstbOIVD-gqeoXXioicU9dTwqzCUlwZFy8_HSdLxANaJu3vuX-dkzMLV6iIpH","2022-01-15 23:55:05","2022-01-15 23:59:53","2022-01-15 23:59:53","","60fdc9558b132366c2a72f1a","61e19414185ab41992e2afa7","61e350c2c4ca3b79487e6df2","23","27","42","53","90","109","90","80","135","160","43","55","83","100","120","4"
"SzO9sC3DQZL9Rl66eTPHCbiQQUtJZ0ewOFhIF_7FkHyeLGClP_kFUm0FSj-D2TkU","2022-01-15 23:55:06","2022-01-16 00:01:22","2022-01-16 00:01:22","","6070cfb276c26c04581246df","61e19414185ab41992e2afa7","61e350c3d793c8fe55ca39a2","12","30","50","60","90","90","120","150","150","180","60","90","120","150","150","4"
"NzcohZdEEPWl7cVa43vKw79k1Q3bOoCJrO-nBL9J4WvvXt0R_3sr4lgLQXHyjkWS","2022-01-15 23:55:07","2022-01-15 23:58:22","2022-01-15 23:58:22","","5d5dcebf4cb63d00193fde3b","61e19414185ab41992e2afa7","61e350c3d54cfb91987271ed","25","25","40","60","75","120","120","120","120","120","60","60","60","90","120","4"
"gUWi5rIvcl0P9OqbLzfgcMmGhLYuFE-aPQZRlaZssMfIn5mZPfYMxC5KWeQlAbCG","2022-01-15 23:55:07","2022-01-16 00:00:44","2022-01-16 00:00:44","","5d60061e45714d00019ad6a4","61e19414185ab41992e2afa7","61e350c3f4e631db348a0882","15","20","40","51","80","200","200","200","200","200","65","70","75","80","140","4"
"zrV04ae-LoG112WIW2t_Kg38Xka_BByQ-6Rw7F01fI7B8b16uk7kAJfto6MYXv-I","2022-01-15 23:55:07","2022-01-15 23:59:11","2022-01-15 23:59:11","","616336d61cc92e17b2b7815a","61e19414185ab41992e2afa7","61e350c4e66a7b71d2c0809e","45","45","45","60","90","120","150","160","135","165","70","100","120","135","140","4"
"EcV7DtakWGWtvQlLETIBjh9MOH384hV6IPrTH5vJgq2Q8M8KetVUihyHDCZ5DlzM","2022-01-15 23:55:08","2022-01-15 23:59:54","2022-01-15 23:59:54","","615af8f2e9bd7320931448dc","61e19414185ab41992e2afa7","61e350c00bc5373f76c2d1c1","30","30","45","60","90","150","150","150","150","150","60","60","60","90","120","4"
"3dDCgxbJ7zjsMrBhU4Pmu06pTodUG9HiNhVxaj9qUWFWCTzLGeYY8QkBLMzdhroZ","2022-01-15 23:55:08","2022-01-15 23:59:44","2022-01-15 23:59:44","","602445b2bde34010a48b49a8","61e19414185ab41992e2afa7","61e350c4153e9d9d69cba3d6","60","60","60","60","80","90","90","90","90","120","45","45","60","90","120","4"
"G51qtfzfydeYgegNGFSS6UkavvUWJzkomyzosyjNRoEqN9nAOlZ2ddJLy6LVjJOd","2022-01-15 23:55:08","2022-01-15 23:59:20","2022-01-15 23:59:20","","606ed2e0a1ae49d5e5911dec","61e19414185ab41992e2afa7","61e350c52e11b4b2f252bae5","25","30","45","60","100","110","110","110","110","120","45","45","70","90","120","4"
"VPFJ-XGfsV-iJ-Mg00HFvVFazXbxnVfXut8FUKa5fFZQjnFQ6TAG7suJz1XS9-zt","2022-01-15 23:55:09","2022-01-16 00:00:08","2022-01-16 00:00:08","","5fc51d0db609ae0e6834a36d","61e19414185ab41992e2afa7","61e350c494832861c3e2bb5a","30","30","40","60","90","120","120","120","120","120","20","60","60","90","120","4"
"gyv_6X6ADE9S_wd99f9ptr2ZrSaFRMMgAOQO2YSnJkQM385D4c9CZJToU9mt_H3M","2022-01-15 23:55:11","2022-01-15 23:57:43","2022-01-15 23:57:43","","5eb878b706340e7d115c8ac6","61e19414185ab41992e2afa7","61e350c521ecc5d23a548820","20","30","40","60","75","90","90","90","90","120","30","45","60","90","120","4"
"wG15LenbyH7lhxegMVscJ9rO8wq1xa8dcpIX1_9AxYrSBp4TobGSIoAaQ1pwgNln","2022-01-15 23:55:11","2022-01-15 23:58:18","2022-01-15 23:58:18","","5bd4547f979dd2000139f98e","61e19414185ab41992e2afa7","61e350c588da8a4c34aa11bf","30","45","45","60","90","120","120","120","120","120","45","45","60","90","120","4"
"Xpzne00aLGxHXD7aJhpn2T5ysDyu3qA1hJ_837ekyZV2d3ywJw9DeTmW7x5oG5CW","2022-01-15 23:55:12","2022-01-15 23:58:34","2022-01-15 23:58:34","","5f3ffd32afb0080d09234a09","61e19414185ab41992e2afa7","61e350c51b150ba3700d25c2","30","30","45","60","80","120","120","120","120","120","45","45","75","90","120","4"
"pV5Fz5h0zz8tNnxop9Ip6S8AY2MCLIgU6zXC0jq-PnIgee71pyVr7rxHJI7Vesju","2022-01-15 23:55:12","2022-01-16 00:02:03","2022-01-16 00:02:03","","613a87fca7079e9109d15f66","61e19414185ab41992e2afa7","61e350c13c7ef064c2bb3eb2","10","20","35","50","70","90","90","90","90","120","15","30","55","75","105","4"
"equoTMxplQV0kzQqo4sofrKQSfy9ZTrSll9ywL5jJingeYfV2wpDRCnH2T-Avron","2022-01-15 23:55:13","2022-01-16 00:01:20","2022-01-16 00:01:20","","60fb690497b26a3c1c6b8c0b","61e19414185ab41992e2afa7","61e350a973ffc43bb5ca5146","30","30","45","60","90","90","90","90","90","120","30","45","60","120","120","4"
"5AQd-cgeUU4vlZ0xUpdenjqnQrjo4DnDD3GtmnbgRwvQL1CN5aEHLGSv0M_b_8wD","2022-01-15 23:55:13","2022-01-16 00:04:43","2022-01-16 00:04:43","","615095892f4d9ec951f8672b","61e19414185ab41992e2afa7","61e350afc4b0e4b55f9f4fe9","30","28","40","60","85","119","130","110","130","150","30","60","120","122","160","4"
"G1MFw8aU39DrD9TMYFi-dIkPkGzEidAbib3W0ZgF6EwbiQ72m7POTd5O4m05ic9h","2022-01-15 23:55:13","2022-01-16 00:00:12","2022-01-16 00:00:12","","5f5a69a0b2b7c2119ecf07bf","61e19414185ab41992e2afa7","61e350c81343fdc4cd4981d5","10","20","35","50","70","30","45","64","89","104","20","45","65","90","120","4"
"V9wBu6-nZQxIqbdk6FHvyW1EhP9TL_VpZwthmsyYbeT7SqvjmbTUPbFfU0TXSNAf","2022-01-15 23:55:14","2022-01-16 00:00:49","2022-01-16 00:00:49","","616cbdf13dc08dca017cef4a","61e19414185ab41992e2afa7","61e350c6dbb888cdb4953ad4","120","120","120","120","120","90","90","90","90","140","25","60","90","90","120","4"
"K1nCMlKkphJ_oDd8w--3kE7pvJm_bthWKleX-qyy-XOczsaYR52w4xt1gdsO_SUx","2022-01-15 23:55:15","2022-01-15 23:58:46","2022-01-15 23:58:46","","5e503fa37cbf4308d1131e52","61e19414185ab41992e2afa7","61e350c9e0b77e914c98981e","20","30","50","60","90","90","90","120","120","120","30","45","80","80","120","4"
"Kq1JOQboYwD5w8wg15FQ63GvDZGyrQU5oRPF1GXjpp_Lq5EJyA0Q9WKI572njAOW","2022-01-15 23:55:15","2022-01-15 23:59:37","2022-01-15 23:59:37","","5f2ad19d48d8b13cba674fb0","61e19414185ab41992e2afa7","61e350c9725a1f445a797504","30","30","50","60","120","90","90","90","90","120","60","60","60","90","120","4"
"Jj4Z243ucGZpAt67Kwubey5luEL_KnF5ziO2mb-nKHWQWSsDcBroAnXZkFYRAwJD","2022-01-15 23:55:16","2022-01-15 23:55:21","","","6132a3c6574a754ce227ad1a","61e19414185ab41992e2afa7","61e350c64dd64abb55e751d8","","","","","","","","","","","","","","","",""
"8cbqZODy0ay7Iuqz82eggvXvdpyBXNbdjHvrWg5nV7oIw6xGrKjbtYqqaVeI8uQr","2022-01-15 23:55:16","2022-01-15 23:59:41","2022-01-15 23:59:41","","5f1eba6ba65ce801eaaeb562","61e19414185ab41992e2afa7","61e350c550b4e3066c0b2ffb","10","25","35","60","90","90","120","120","140","140","16","90","60","80","120","4"
"vonZwv63cIFBEz3wPoSw7y2SMP1VFw6XtTs-_5Np9GjmPw9rRIU4rWlB5Q6kAz9k","2022-01-15 23:55:16","2022-01-16 00:30:17","2022-01-16 00:30:17","","59f7e68f5ac99000018b05cf","61e19414185ab41992e2afa7","61e350c8586f7675919eca9e","30","30","40","50","75","110","110","110","110","110","32","55","90","100","110","4"
"hnEbH2-L2ZLttGIDSCtFRqZjhxYTGRDfVKipmsDU0OIg3T8HjArXQUsQ6Mr-Jq56","2022-01-15 23:55:16","2022-01-15 23:58:16","2022-01-15 23:58:16","","56df2dc2452e13000b6d3729","61e19414185ab41992e2afa7","61e350c85f28a0004f45e399","45","45","45","60","90","90","90","90","90","120","45","60","60","90","120","4"
"Ul2Yv23cKeKyd28DvcRPmAcb2u_K0NshCj51A8jk5WMy6k4SzyB9Q-0OAAl5p42s","2022-01-15 23:55:17","2022-01-16 00:00:37","2022-01-16 00:00:37","","607b6943b02ad525b94b458b","61e19414185ab41992e2afa7","61e350caa6d6360ebadf5691","20","30","45","60","90","90","90","90","120","120","20","45","60","90","120","4"
"yCg6PylY1T19IsQXCIQ4wpO-jOAiwNGDAmWwgBbJFGWTm4cjBHiw8fkZsE0BDy7l","2022-01-15 23:55:17","2022-01-16 00:00:07","2022-01-16 00:00:07","","5c44f101a5487b00011d122e","61e19414185ab41992e2afa7","61e350c8dbb888cdb4953ad5","25","45","45","60","90","60","90","95","120","130","25","40","70","90","120","4"
"5GTbsj5KHC9rPD0tnuLXJNjlY7HQW_vqrtrUmzOJRxxJZhSrECJQ9K4mmEz_frWt","2022-01-15 23:55:18","2022-01-15 23:59:30","2022-01-15 23:59:30","","5c8da3f6f2ad95001766a6f3","61e19414185ab41992e2afa7","61e350c8c4b0e4b55f9f4fee","30","30","40","60","90","90","90","90","120","120","30","45","60","120","120","4"
"Zu3k-cKhucGlSHas7h4pDGG-gyUFO6iCs9ui2OUPfJAGT9ukXSXk6bot5CsmQyU7","2022-01-15 23:55:18","2022-01-16 00:00:34","2022-01-16 00:00:34","","60bd04a3749e1ca47e54d3e1","61e19414185ab41992e2afa7","61e350cb4edfd5fffbec0ada","20","20","35","50","70","100","100","100","100","100","15","30","55","75","105","4"
"IDIS6xdR-zfMag5vNT7scbgUQCGqcvWwGBQzKe3xPOELYieuH8JGy-HhStJkIJ9X","2022-01-15 23:55:18","2022-01-15 23:56:23","","","5f7aea5d4f022a1f0fe49dc4","61e19414185ab41992e2afa7","61e350cad09f3d30581057fd","","","","","","","","","","","","","","","",""
"a6j1e8FIE2iJYT0UOUO1QPAXAwY-3pKzeG6_WB2sDPw6bOiCDsFJmPYFUVDIF8gX","2022-01-15 23:55:18","2022-01-15 23:58:05","2022-01-15 23:58:05","","60164d5e0ad8cc7ba23bd215","61e19414185ab41992e2afa7","61e350c9e19fddbcf36d6f5e","10","20","35","50","70","38","54","71","99","120","20","38","68","96","120","4"
"LzOMzC8_15yIKMXe1klEGb24lwX9m06_nAgcvE_L4pEK6Ok_cMl1tpSuc8WXPZcq","2022-01-15 23:55:18","2022-01-15 23:59:40","2022-01-15 23:59:40","","616948179a75c798c23691c0","61e19414185ab41992e2afa7","61e350cc5f28a0004f45e39a","25","30","45","50","70","90","90","90","100","115","30","45","75","90","120","4"
"oL3CdmG1MW5q0ZqV7qxQ-fqkG5Q5SODa4swEpmC4t_jGGRHz20DuAw_BesNmJPkw","2022-01-15 23:55:18","2022-01-15 23:59:22","2022-01-15 23:59:22","","5bb73fdd9ff3cb0001d8105a","61e19414185ab41992e2afa7","61e350c871b46e45b2de40f0","15","30","35","50","90","120","120","180","180","180","120","60","120","120","120","4"
"le-MlbqqGB7FEHsfwu5iALrgBlwH01zjiDMzoIEr8jme_voWgfXx0ZbYFBx24RcN","2022-01-15 23:55:19","2022-01-16 00:00:19","2022-01-16 00:00:19","","5e3f0bbe9907e915e0179f44","61e19414185ab41992e2afa7","61e350c36d7053f061b75069","36","36","36","50","70","180","180","180","180","180","30","35","80","90","130","4"
"AEmILjNTpHDSTZ76QLI9QO9N7AeGIETMcrYaE6lnsTG84TjtqpfSHQZJe0F-qzFL","2022-01-15 23:55:19","2022-01-16 00:02:22","","","5ee386d305dd19000acbe9eb","61e19414185ab41992e2afa7","61e350cd47092827e478b6bb","","","","","","90","90","90","90","110","30","30","60","80","110",""
"NKwM9ircd31B6T8aBBLMSWJwNbTa9fyOT8WN_b1phPPRe07qaYswaiWUDJSlCc8i","2022-01-15 23:55:20","","","","5f08583a3d61a604d606c517","61e19414185ab41992e2afa7","61e350ccba0f7605586bb414","","","","","","","","","","","","","","","",""
"AFaylJDgcrf9cIPaoncbOqlkDOFsP52Js1zNk0kWqNWPNucQKBii30QGNYG1qePr","2022-01-15 23:55:20","2022-01-15 23:59:51","2022-01-15 23:59:52","","61477fd6bf3410092abf263a","61e19414185ab41992e2afa7","61e350cd69ea61e3bd92137f","60","50","55","60","80","120","130","150","140","130","30","40","60","90","120","4"
"fY1sHD5ddoNppOamDA6ka3etWYiQsf_hpdSC9EINNfeao_zKib5qzZH6BwSF7QI8","2022-01-15 23:55:20","2022-01-16 00:02:46","2022-01-16 00:02:46","","614f5fdc92cf035aad2ba1b2","61e19414185ab41992e2afa7","61e350ca94832861c3e2bb5c","25","30","190","60","190","120","135","180","95","130","45","60","60","90","130","4"
"HIhkpO0dCrPJ8Mswd9v8CrrzTMH2oIS7BdxylvXgtcMGxt1OsWF6cFRzYyiL2WMV","2022-01-15 23:55:22","2022-01-15 23:59:05","2022-01-15 23:59:05","","5f20552d41aabd0e9fd6aab2","61e19414185ab41992e2afa7","61e350c05ac5b49a656dcff6","60","50","80","60","120","100","100","110","100","120","25","45","120","90","120","4"
"R1ZLQ3vaLRAbtOhXZ02oVT9zSLHZR-yFIYSUxMg6zYCX4NOtUYeM6MQU3DSJbKYE","2022-01-15 23:55:22","2022-01-16 00:00:25","2022-01-16 00:00:25","","60a927faf3770b9fa5c5a341","61e19414185ab41992e2afa7","61e350cf5ac5b49a656dcff9","30","40","40","60","90","100","90","120","90","140","30","60","90","90","120","4"
"mfpJjQcDMijbyXBTF-RrhKosm1R4JJO1m_Q_rpdDzMb0bHn21GOiQUiL-QL6Se2w","2022-01-15 23:55:22","2022-01-16 00:05:51","2022-01-16 00:05:51","","6130c6f2f70b6f67907d589d","61e19414185ab41992e2afa7","61e350d044795cda556857cd","30","45","60","60","90","85","90","120","120","120","60","90","60","90","120","4"
"_Hu_fFO3TEW9mtH5BRvlwxD2F2QpaMvQwa2x3ifNjwxHXbwNNrVe5HPrlqbCofLA","2022-01-15 23:55:22","2022-01-16 00:00:17","2022-01-16 00:00:17","","5f2ae53cfaf8ee42b43890c0","61e19414185ab41992e2afa7","61e350cc9b0df53de13a1b6c","30","30","45","60","90","120","120","120","120","120","30","60","120","120","120","4"
"yXJG0hgV103yFTqqXWUagE8Mr2pglXz315EbNHzDShCX7d5SYZ8_eHo0Y_N9fN11","2022-01-15 23:55:22","2022-01-15 23:59:02","2022-01-15 23:59:02","","5e61233d8f636e0228897cdd","61e19414185ab41992e2afa7","61e350cb5e422368a5d3f449","40","40","40","60","130","130","130","130","130","130","40","40","60","80","120","4"
"3kCYM5VW_uQxialWrRYlLlmkcAQYCBkdJXOo_VPYVhLcEI657tQtf6BLs1PQVCYa","2022-01-15 23:55:23","2022-01-15 23:59:22","2022-01-15 23:59:22","","60b0f68c2d6061d4fce96316","61e19414185ab41992e2afa7","61e350ce0adc956a5d77bdfa","45","45","45","60","80","120","120","120","120","120","20","45","60","90","120","4"
"nWjnbB7WBr8J9Q7rkP8FnfRp47oQHRkXRGV-LVeebUnI5cpaw1zx5tr-B9e7GLo5","2022-01-15 23:55:23","2022-01-15 23:59:57","2022-01-15 23:59:57","","60aca334c93f8d150a47eabd","61e19414185ab41992e2afa7","61e350d0869c478e02e99b24","40","50","65","80","120","60","75","90","120","145","45","60","120","170","230","4"
"0k89y6GNd79a4uInCP0p0TFXPiFS0uDMLOg5ErcdzjgdWqi_b7R9V61UN4pGjuNx","2022-01-15 23:55:23","2022-01-15 23:58:16","2022-01-15 23:58:16","","5eaacc906327e802e479969a","61e19414185ab41992e2afa7","61e350d1e66a7b71d2c0809f","90","90","90","90","90","95","83","95","95","145","120","120","120","120","120","4"
"BXKX9u0Oyb88VWvp0fBR27NlBDWe_nGBuZ6jpsxRkxI6OgEhGukcta_2ABx5ZHw_","2022-01-15 23:55:24","2022-01-15 23:58:32","2022-01-15 23:58:32","","611baca695f1611d79dad4ee","61e19414185ab41992e2afa7","61e350cefed08b8dfcae99d4","50","50","50","50","90","120","120","120","120","120","30","30","60","80","110","4"
"6Hrzenkf5a1vRCe68PSd9gCwUgPv2ozLC1GroI9Eo2qvQdF3Rg6FlQG6c4AiOGPb","2022-01-15 23:55:24","2022-01-16 00:02:35","2022-01-16 00:02:35","","614a4991d4f8ccec7f5fe3b6","61e19414185ab41992e2afa7","61e350c87c0caee5403fcfb5","30","30","60","60","90","120","120","120","120","120","30","60","60","115","120","4"
"MgfXBeK6elRploXlHbXBmrCaBq4ad0FZQDgvegGA2xUH2W2pONCKQRJ0nCZlj_wj","2022-01-15 23:55:24","","","","615d9a6f4628e9902be16e88","61e19414185ab41992e2afa7","61e350d294832861c3e2bb5d","","","","","","","","","","","","","","","",""
"cQS8-JIFX-zcUSNdhgM6p4MBGvfwtMUXUHjs9PI0xqXWD85Un7dxPre0eQ-v55CC","2022-01-15 23:55:25","2022-01-16 00:00:55","2022-01-16 00:00:55","","60770e55230bf80cd0637b4e","61e19414185ab41992e2afa7","61e350d0142116ee8b1cc299","40","40","40","90","90","120","120","120","120","120","45","45","90","120","120","4"
"KzP0qH43McCEO-_ZBi9JeVhZZ-cc9wjkjsIQGebjMpbi0gf67cVlBnvRJt6XZt8U","2022-01-15 23:55:26","2022-01-15 23:59:37","2022-01-15 23:59:37","","602172368b05e6143e5f27b7","61e19414185ab41992e2afa7","61e350d1b47b77920cabebe9","20","35","40","55","75","90","90","90","120","120","20","60","60","90","105","4"
"m-5I2kXEiLZMA9n1BLv8WKrgGl3XN1MTIUqguxcir9k6DbWYo1-BXNuaT9zPxB0B","2022-01-15 23:55:28","2022-01-16 00:00:19","2022-01-16 00:00:19","","6082f7e90a6e0ea1f8c6d7cb","61e19414185ab41992e2afa7","61e350d284cdcebd1452a958","30","20","40","50","90","120","90","90","90","115","45","45","60","90","120","4"
"6qhq7TMwsBEnXlkJI_4XcLnatL4atssv7hJqBNdSXKreM1a7r2pwOrN4Z5uk-7fn","2022-01-15 23:55:28","2022-01-16 00:05:22","2022-01-16 00:05:22","","6161f4ab2c58f9550ee5d4d5","61e19414185ab41992e2afa7","61e350d0501f507a5617b8a9","35","25","36","55","75","90","45","60","86","101","45","30","56","76","120","4"
"HMuf5rDZD4r4yx6yB8rLVRuFyuuu6PUscQOEmW7EgL3q7q6A9s9Kk4dr_aNpmT3Z","2022-01-15 23:55:29","2022-01-15 23:59:13","2022-01-15 23:59:13","","609a95a21f974a11fe544f7b","61e19414185ab41992e2afa7","61e350d1084171b9126a67f8","20","30","45","60","75","120","90","130","90","140","45","60","65","75","120","4"
"0sHeAKCj8U8a7ny-EbDyy3_Qb_y-zcQDvUSIIWUVN4K8C47j7xbt0NzBlZLCY4cD","2022-01-15 23:55:29","2022-01-16 00:03:24","2022-01-16 00:03:24","","5fbc5a1bf9c7511200dd188d","61e19414185ab41992e2afa7","61e350ba35380a9a46da6a0f","45","45","45","90","90","120","120","120","125","125","45","45","60","90","120","4"
"yiby5Y6jPcYCQ2nTlmVpoFDnPnwjj_vVkQ_AFEOrX6gbwzv9OrWAj4yOIkmBhnAL","2022-01-15 23:55:30","2022-01-15 23:59:11","2022-01-15 23:59:11","","614e00c5bd6342414b333a8b","61e19414185ab41992e2afa7","61e350cc84cdcebd1452a957","30","30","40","60","70","120","120","120","120","120","75","75","75","90","120","4"
"BSoGHnwz-l2EKVp28D5gaBl-HxBUx3MuSvC3RC_aR1mgt3k2pH2jAK7gkkcmX8lG","2022-01-15 23:55:31","2022-01-15 23:59:27","2022-01-15 23:59:28","","60e21c11b57f514f2005b148","61e19414185ab41992e2afa7","61e350d32301f9d438c44d78","25","25","40","60","80","120","120","120","120","120","60","60","60","90","120","4"
"S_oLogycuxU6UkO2x19JmK-T-ZN0NMOawuAUIecVs0XOcn9GbBsJsb1fbCSfBLn0","2022-01-15 23:55:31","2022-01-16 00:08:28","2022-01-16 00:08:28","","60b14c72faad384ddb2eb66c","61e19414185ab41992e2afa7","61e350d171b46e45b2de40f1","40","40","40","60","120","145","145","160","140","140","180","180","180","180","180","4"
"dhks83e-MaNXQjEu0A6EESW1D77duSXmOE3v_lCuHmThXolEzNA9twHG1-O3B5MF","2022-01-15 23:55:32","2022-01-16 00:00:44","2022-01-16 00:00:45","","5d373fe30a39ba0017b61dfd","61e19414185ab41992e2afa7","61e350c1c785ef0172146e8e","15","30","45","60","75","30","60","80","100","120","60","45","60","80","115","4"
"WFz88bOJLBbAz34HL92MSwo6ZYQnfsYLnX6QJR3v5RcwniW3ZqpwPHX8uV1WO_Nk","2022-01-15 23:55:35","2022-01-15 23:59:57","2022-01-15 23:59:57","","60e5952cfcf25f6cca8167c7","61e19414185ab41992e2afa7","61e350d37f6220a07c7c573d","25","25","40","50","70","120","120","120","120","120","30","60","60","90","110","4"
"2jPPV0DWg6PzwM5JETkbVa6b5xmoP9IRWCjh2CLUOp8HkaPMaz5w6SuiDRn_XqA6","2022-01-15 23:55:36","2022-01-16 00:01:06","2022-01-16 00:01:07","","5f4ff8efa8de8e14c2cd6e0b","61e19414185ab41992e2afa7","61e350ca093385ea6b46d2cc","40","40","40","50","70","90","90","90","90","120","45","45","60","80","120","4"
"0suKR1VbGxEf1yIfYYpo5QTKOAzDsEX-xoUZaVw7tf15U-lIJQ-_nV03q34C5tYx","2022-01-15 23:55:37","2022-01-15 23:58:58","2022-01-15 23:58:58","","6118441c8860004f7c3446ea","61e19414185ab41992e2afa7","61e350d1311e82ef74912b1c","20","30","40","60","120","102","124","98","120","130","60","60","70","90","120","4"
"JsJbFdillNmVXi_WzL6GctKNkSXJd-Yesw5aPp6tFaiEL1JWlG2h8KhdjooTKA0Z","2022-01-15 23:55:38","2022-01-15 23:59:35","2022-01-15 23:59:35","","60c1f258dedbe64c602b60a9","61e19414185ab41992e2afa7","61e350ca347644e7a2e51728","35","35","35","60","120","190","190","190","190","190","30","35","60","80","120","4"
"AT5Jn_oVYVCXBrOjRU_OyymMz0Shj-I6tkPdKRS6UgOLUBZjyRPupedx17kBWUb0","2022-01-15 23:55:39","2022-01-16 00:00:57","2022-01-16 00:00:57","","604f48ad0cf8d55887cb172e","61e19414185ab41992e2afa7","61e350c7ace871a166de3be4","10","20","40","60","120","90","90","90","120","120","30","60","90","120","120","4"
"Bbik_HNTFaSz3lNsQG4mpdC3esF7ohsw2Ko0SXSmnchiZhPmQYvsi4qnV6HQMOdo","2022-01-15 23:55:40","2022-01-16 00:02:05","2022-01-16 00:02:05","","60d7d0d99b3a5d61233620d8","61e19414185ab41992e2afa7","61e350c939ecd359b94c6995","25","25","50","55","90","90","90","90","90","120","30","60","60","90","120","4"
"-QWy10F6D-tCCSwAjChCwRpzN_nZKcIe9K9hSJs8yP-IRFaLlMi2-x7UgYQxakFL","2022-01-15 23:55:42","2022-01-16 00:00:59","2022-01-16 00:00:59","","602b04fcb9bd922174f5fea6","61e19414185ab41992e2afa7","61e350d22886fa72d3f162fb","40","40","40","60","90","30","45","60","85","100","15","30","55","75","120","4"
"FEymTYYngvxrU-EbAIbziA_f50HcwaPU80yPr4165H7WTwPcXN_35MfuRg_CN3yV","2022-01-15 23:55:50","2022-01-16 00:02:48","2022-01-16 00:02:48","","5e6ecd1a5c401949b9ae528f","61e19414185ab41992e2afa7","61e350e6f09539c9ed4216be","45","25","45","60","70","30","50","70","90","110","60","30","60","120","120","4"
"7TKjm6tVLZOme_8RXVLhz5yxU-RdfhuvVrHnDGlk0utRJyFRThRGqT3I0Ggip5K8","2022-01-15 23:55:52","","","","607da2d00643eb4cc09116ab","61e19414185ab41992e2afa7","61e350c9c41e51a62eb56099","","","","","","","","","","","","","","","",""
"QyKz6inP84QB9NcdilYpPSztBQNJUDZ8x9EH6FHwc1FNnQpeharYymqAEqhE4rbX","2022-01-15 23:56:01","2022-01-16 00:00:00","2022-01-16 00:00:00","","607da2d00643eb4cc09116ab","61e19414185ab41992e2afa7","61e350c9c41e51a62eb56099","20","30","50","70","90","120","120","120","120","150","45","60","90","120","150","4"
"WMbfPtp49Y_QBcQ31ZR5U6PzXB6IvMTTtNgExNjoRtkE7tJPeWHTQ-u9hgRvfWY5","2022-01-15 23:56:07","2022-01-16 00:02:05","2022-01-16 00:02:05","","6169d529121b95073586a835","61e19414185ab41992e2afa7","61e350cae450cf47612320b5","55","40","50","66","70","139","136","158","126","168","45","45","70","120","120","4"
"A3uslTpftlpc3yhQjfYrKGHzPf2YhV0UCVenDX-hs0g3Zof8Rpl8sjTt7lD5jWrv","2022-01-15 23:56:08","2022-01-16 00:01:39","2022-01-16 00:01:39","","615ec387ec57223c894f6fc2","61e19414185ab41992e2afa7","61e350c90adc956a5d77bdf8","30","30","45","60","75","100","100","100","100","120","40","45","70","90","120","4"
"IntNQPNqFVU9gJL_0JhdN0qWcv7D7VRZ67pf9aRsVXReUO5bAm4wYC46onw5j4tj","2022-01-15 23:56:09","2022-01-16 00:00:42","2022-01-16 00:00:42","","6133918382b1a9266a7900b5","61e19414185ab41992e2afa7","61e350d236feedbdac56be75","45","35","40","60","75","90","105","90","120","130","25","60","120","120","160","4"
"i70VwJbV76d2hlo-r5rbsbrUjBPy-lWcMulKSGIgl3-zkaL5sS5KRS3QmA3OUPpN","2022-01-15 23:56:09","2022-01-16 00:02:44","2022-01-16 00:02:44","","606384c05e79d8623cc05ae8","61e19414185ab41992e2afa7","61e350d3106d6d737b882c1f","20","20","40","60","90","90","90","120","180","150","40","45","90","90","120","4"
"RXl5x2uYEpBrVBz8AF2Vaz3GH7ElFCRIU5YphNCAsOh_aVbcbUGIgoLa2c6TCHVG","2022-01-15 23:56:11","","","","","","","","","","","","","","","","","","","","","",""
"WumoVtzMbSA0jRKt428NPih3e79PgUaEXeOa4aCRjw8ENtiH-pFBY1WZMXXjE2QQ","2022-01-15 23:56:12","","","","614e00c5bd6342414b333a8b","61e19414185ab41992e2afa7","61e350cc84cdcebd1452a957","","","","","","","","","","","","","","","",""
"FZNpCPRY4w12qSFkkW24eHpkwv-UgYFpC65wO0nwGgwdrfCnKwS53Gdg3k1txHYI","2022-01-15 23:56:15","2022-01-16 00:01:20","2022-01-16 00:01:20","","60ec59fd2b37f9f614ab104d","61e19414185ab41992e2afa7","61e350d3ccdf0f7cfdbce261","40","40","40","60","90","120","120","90","180","240","30","60","90","120","120","4"
"bEj8AktYPzbfF_AcvIV2xbnKAuL8YleEtGKL-TryQBK4cvSYMuT8LvDzU9ebMOOi","2022-01-15 23:56:28","","","","61435c7574b97803fe574723","61e19414185ab41992e2afa7","61e350cf88da8a4c34aa11c0","","","","","","","","","","","","","","","",""
"ePPgvnIYBakXDnFmvc1PhCOp2Cp_9F8TpXf5Uu6IZ9yIaNMrK_tvSeaZQUMMFROq","2022-01-15 23:56:35","2022-01-16 00:03:40","2022-01-16 00:03:40","","612c4636885d5afe0a5f9f53","61e19414185ab41992e2afa7","61e350cddf3a2fba1bd6fd5f","60","60","120","60","120","60","60","60","120","120","60","60","60","120","120","4"
"me0zUvx1GjJIEJMI3ncaAT884b47x9_FwgtGk0ZI21s9r4W23XECHzayqjvQfHpJ","2022-01-15 23:56:39","2022-01-16 00:01:49","2022-01-16 00:01:49","","60e96a37211cf04eb272efa2","61e19414185ab41992e2afa7","61e350c46e8731f162b658cc","15","30","60","60","90","90","90","60","93","100","20","90","65","75","105","4"
"RkrzAgnzid4ftNL1tfp-5L4gIzPSjqPdpDkaZda7AEDcQO5wRrDroRnQI8tXlON6","2022-01-15 23:56:42","2022-01-16 00:00:38","2022-01-16 00:00:38","","605a0e7a12d53a398ee268d8","61e19414185ab41992e2afa7","61e350c50bc5373f76c2d1c2","20","30","35","50","90","90","60","120","150","120","50","60","60","120","150","4"
"oo0w1O_cFkF8rx9M97jBYwFlbZBhNyWkWzDMvtl0-_B_mR8sUh4LwyprAdXuDxbD","2022-01-15 23:56:45","","","","60e5952cfcf25f6cca8167c7","61e19414185ab41992e2afa7","61e350d37f6220a07c7c573d","","","","","","","","","","","","","","","",""
"nHHMzJsaeepePnV5wv50DuKdJH2Rk4anEgm-D8h0l7JfLZCLjM8ohKcHpN0qQ7Mo","2022-01-15 23:56:56","2022-01-16 00:02:15","2022-01-16 00:02:15","","6169c0667a27823dc8059c88","61e19414185ab41992e2afa7","61e3512c6335f50f012a3432","12","25","40","60","90","89","96","120","127","142","22","45","107","123","130","4"
"J2dV6wpXA-usgdM5CnK8MR0Xxtk3znsnXqM3Agms6dZu7n57A__7g_JkPRYXa9SH","2022-01-15 23:57:15","2022-01-16 00:01:04","2022-01-16 00:01:04","","5fe226313e41f75659e4029d","61e19414185ab41992e2afa7","61e35139ef5326e4f2d26cc1","20","25","40","50","70","160","160","160","160","160","50","50","70","85","110","4"
"67_kLELYqBVSrJrG9KR7UJUHeewH_5RmLuqwqrN8HPtXEHFBGPdxa9X30csk23be","2022-01-15 23:57:22","","","","60a927faf3770b9fa5c5a341","61e19414185ab41992e2afa7","61e350cf5ac5b49a656dcff9","","","","","","","","","","","","","","","",""
"a19D3dV5Qun20oq_ka82Y56TUFPRwFUz7-WS-JtTsR2zyedEiSeY1Wa8P5Efnr_5","2022-01-15 23:57:28","2022-01-15 23:59:59","2022-01-15 23:59:59","","5c6de215c292130001e5bf54","61e19414185ab41992e2afa7","61e35147c4e101b5565474a1","40","40","50","60","90","100","100","120","120","130","30","60","70","90","120","4"
"LXPnCJvsiRolkg0kFvCCJAOnGWhF1IALYOa1h3BpWzIdEJI_jTi77ecDiZNcnm_P","2022-01-15 23:57:39","","","","602b04fcb9bd922174f5fea6","61e19414185ab41992e2afa7","61e350d22886fa72d3f162fb","","","","","","","","","","","","","","","",""
"elh4rry6GiNdHrt8ndzP7fTRVGfC_yvKyYRpZgzKX2pkWEe72L4JmGw4xp1zXWTY","2022-01-15 23:57:40","2022-01-15 23:59:23","2022-01-15 23:59:23","","5f340d1b1f6b9629f6cd3a77","61e19414185ab41992e2afa7","61e350c57c0caee5403fcfb3","90","90","90","90","90","120","120","120","120","120","60","60","60","90","150","4"
"d0QOGeo3ww6tZHt9ba9eXbTDAWWXUKpVldxOv-8KA0vat2HsEjmr7BixRKijrx-g","2022-01-15 23:57:41","2022-01-16 00:00:20","2022-01-16 00:00:20","","5d5193ce23e3ae0001f5f262","61e19414185ab41992e2afa7","61e3512030a2ffddfe3fdf45","30","30","60","60","90","95","95","95","95","125","150","155","150","150","150","4"
"6DAbgL1wLlB5Zb30rTKp4K_iI6ZwLpRY1Ymbf4W1nTlrI9ILcgK9txThbL1gCvll","2022-01-15 23:57:56","2022-01-16 00:01:28","2022-01-16 00:01:28","","6132a3c6574a754ce227ad1a","61e19414185ab41992e2afa7","61e350c64dd64abb55e751d8","50","30","37","60","75","85","50","60","85","100","45","47","60","75","110","4"
"H3AdF4kmPPQOlNLWT1InAT73oHIJ8r19m3ixG4dGcjew044XObYlhDY4VVQLNdaf","2022-01-15 23:57:57","2022-01-16 00:02:31","2022-01-16 00:02:31","","612555831d4ffcf522ac60f6","61e19414185ab41992e2afa7","61e350c9cce78680dcb4b6a7","30","30","40","60","80","90","90","90","120","120","30","45","60","80","120","4"
"sD7si_ec-hr6VpL44FYmwKpxlALVxWVtTZTkAMjujhNKFw1rYBXYdsoydzvBaoti","2022-01-15 23:58:28","2022-01-16 00:01:03","2022-01-16 00:01:03","","6166d7e7ce4cd5332373993a","61e19414185ab41992e2afa7","61e351870440e154e5299bc1","45","45","45","60","90","125","125","125","125","125","30","45","65","90","125","4"
"soS65o33M0YTfNQsf9q98C9Zdpf0IpJ5mcRyg8bVz5TcZIpvawQTwUbNpHCShyIb","2022-01-15 23:58:38","2022-01-16 00:01:09","2022-01-16 00:01:09","","5f3d76490c7107130a6360eb","61e19414185ab41992e2afa7","61e35104d6013a8cb9be50cd","40","40","60","60","150","100","120","120","125","125","18","44","60","88","120","4"
"AHOom-7vWB7-7DOVc-xurTy_8xL8ONY40tQ8cRUUsFcMngygMbiq4LirjZWVGm9d","2022-01-15 23:58:43","2022-01-16 00:06:35","2022-01-16 00:06:35","","5f2dc2bb2af7600eb052e215","61e19414185ab41992e2afa7","61e350bb153e9d9d69cba3d4","20","40","40","60","75","90","90","90","110","130","45","45","120","120","120","4"
"DG2CLZko9RkoWhtaeaCVBBy95RlVCxOuvl8fICl8cQ7jM07VyNF8Xe8to7Dq4Z65","2022-01-15 23:59:40","2022-01-16 00:01:55","2022-01-16 00:01:55","","5e03d667783225eb127c4541","61e19414185ab41992e2afa7","61e350cac49953c0a72266e5","15","30","40","60","100","180","140","130","150","120","30","45","60","100","120","4"
"0uKcz8ijYxXFzqz_9Tt1kfApij4qR5BLckYABIMlULzmZIp4BEKXrlEbSQzdl3mx","2022-01-15 23:59:53","2022-01-16 00:02:37","2022-01-16 00:02:37","","5fb6d9267fe54f14f515bcf1","61e19414185ab41992e2afa7","61e350ccc4e101b55654749a","45","45","45","60","80","110","100","120","95","140","30","60","60","120","120","4"
"EKbRNy5mQzI2pxCJbtRkoSccml5ZeOzZxegw5zzRJJYslmKXnnTTQIkV6kafjQHp","2022-01-16 00:00:04","2022-01-16 00:04:31","2022-01-16 00:04:31","","5f28fc46a241c52993dca6a4","61e19414185ab41992e2afa7","61e350c8a24a2ad145e9bf37","30","30","35","55","70","130","130","120","120","130","35","45","90","120","120","4"
"zjlovGmNy6cuS_2JUdSdkHWMXLN9gGBneeECwzg_F_PZy08EadlKcYobTXoZqMdq","2022-01-16 00:00:15","2022-01-16 00:02:06","2022-01-16 00:02:06","","605cb84d3d0c0d587aa464be","61e19414185ab41992e2afa7","61e350d06502cf359682cbc1","45","30","35","60","90","120","95","123","90","120","60","75","55","75","105","4"
"TPMGxGbmrI8IHWwtkLQMYBCPxc_DbkdT9rp8aVGZbhH7iLPf7oigv6emqMZ3PB0Z","2022-01-16 00:00:20","2022-01-16 00:06:32","2022-01-16 00:06:33","","5e8a66381afb2c714058b57b","61e19414185ab41992e2afa7","61e350c6c74cd2e87ead4d8c","20","25","40","60","75","75","85","95","120","140","60","60","120","120","120","4"
"UoUQqboj20BQ6qsycug4HerUG0PMh7aXBqsPxbHIYLNvV6IMDkAkVGizkpMKZNQ9","2022-01-16 00:06:47","2022-01-16 00:08:43","2022-01-16 00:08:43","","5fa442c874ac28076aa20c09","61e19414185ab41992e2afa7","61e350ca8bd6e2acb44b16b4","20","25","40","60","120","130","130","130","130","130","30","60","60","90","120","4"
"MRPsT6MYPa8t5iyFhWsXFgUGeQezprMzOsD3nfLg7En4bFgAa_x1YLoqBziDrfNx","2022-01-16 00:14:21","","","","","","","","","","","","","","","","","","","","","",""
"H4i8sHfvQg_Lds07IfU2u5nYcFA7UEPcxNMGbwMvt-sAnXDRNsu83E3-xiLbkdy3","2022-01-16 00:21:35","2022-01-16 00:23:13","","","60474d9d7c10951c7838fa91","61e19414185ab41992e2afa7","61e3555d93409e827f4e30e4","","","","","","","","","","","","","","","",""
"kjH61S0ITb_Jc0v6x-90rkEutwE39dYt1odZw0_uO9spebsGz-K8SF92B_enyk6R","2022-01-16 00:39:20","2022-01-16 00:41:27","2022-01-16 00:41:29","","6047ff03cb24e712c17514b7","61e19414185ab41992e2afa7","61e35a526a154b331e6b3813","20","30","45","60","90","90","90","90","100","120","30","45","60","90","120","4"
"z6L1LWfEY2wpwe92maLp4GtrMHmfiZ-mBIpulKIlLkYkAyqXIRKclvWTPjJNhR1w","2022-01-16 01:00:43","2022-01-16 01:05:02","2022-01-16 01:05:02","","6086b9cc58c7269cc737c68e","61e19414185ab41992e2afa7","61e36023a4b2847412838d28","45","30","45","55","85","80","90","90","95","120","45","45","70","80","115","4"
